text,label
sovg ªa uchun rahmat,pos
menga yoqdi,pos
–∏—à–ª–∞—à–∏ –∑—û—Ä —Ñ–∞“õ–∞—Ç –≥–∞—Ä–∞–Ω—Ç—è —Ç–∞–ª–æ–Ω–∏ “õ–∞–Ω–¥–æ–µ –æ–ª–∏—à–Ω–∏ –±–∏–ª–º–∞—è–ø–º–∞–Ω,pos
–Ø—Ö—à–∏ –æ–ª–∏–ª–∞. –ë–æ–ª–ª–∞—Ä–∏–º —Ö—É—Ä—Å–∞–Ω–¥. –£–∑—É–º–≥–∞ —Ä–∞—Ö–º–∞—Ç. –ò—à–ª–∞—Ä–∏–Ω–≥–∞ –æ–º–∞–¥,pos
lekin sichqonchalarga gap yoq,pos
tavsya qlaman zor ishlidi zaratkasyam ancaga yetadüíó,pos
Olishilarni tavsiya qilaman,pos
Ko√îrinishi arzon.,neg
Juda sekin ishlaydi.,neg
–±—ã—Å—Ç—Ä–æ–µ –¥–æ—Å—Ç–∞–≤–∫–∞ —Ç–µ–ª–µ—Ñ–æ–Ω —Å–µ—Å—Ç—Ä—ã –ø–æ–Ω—Ä–∞–≤–∏–ª–æ—Å—å,pos
rosa katta bolarkan bemalol kicikrogini zakaz qsa bolarkan,pos
–•–∞–∫–∞–Ω –ú–µ–Ω–≥—É—á–Ω–∏–Ω–≥ –ö–£–ü –∫–∏—Ç–æ–±–ª–∞—Ä–∏–Ω–∏ —É–∫–∏–¥–∏–º —Ñ–∞–∫–∞—Ç –¢—É—Ä–∫—á–∞ –Ω–∞—à—Ä–¥–∞. –£–∑–±–µ–∫ —Ç–∏–ª—å–¥–∞ —Ö–∞–º —á–∏–∫–∞–Ω–∏–¥–∞–Ω —Ö—É—Ä—Å–∞–Ω–¥–º–∞–Ω!!! –°–ø–∞—Å–∏–±–æ üôè,pos
"Dubai,ANC va Premium turdagilarini ham ishlatib ko'rdim bu xaridimdan so'ng narx arzon yoki qimmatligi ayrim joylarda ahamiyatsizdek ko'rinib qoldi. Mahsulotga gap yo'q.",pos
"–ú–∞–Ω–≥–∞ –π–æ–∫–¥–∏ , –∂—É–¥–∞ —á–∏—Ä–æ–π–ª–∏ –≤–∞ —Å–∏—Ñ–∞—Ç–ª–∏ –Ω–∞—Ä—Ö–∏—è–º –∂—É–¥–∞ –∞—Ä–∑–æ–Ω",pos
"–í—Å—ë —à–∏–∫–∞—Ä–Ω–æ, –ø–æ–¥–æ—à–ª–æ!!!",pos
olishilari maslahat beraman sotuvchiga uzumga kattakon rahmat savdoyilari barakasini bersinü§ù,pos
omad,pos
organ pulimga arzidiyu leaking shu taxlaganga yarasha sifatliroq chiqarila,neg
zaryadnik va cheholi bilan keldi. Haridim uchun xursandman.,pos
Birinchi marta bunaqa kiimoshina ishlatyabman lekin juda ham ishni yengil qilarkan avval yarimavtamat ishlatardim bu juda yaxshi ekan ayniqsa shovqinsiz ham qulay,pos
opkelish Kerner yoqmad kechas opkeld tongilab gapird bzaga,pos
afsuslanmiman menga juda ko ªp narsnai o ªrgatti bu kitibni har bir o ªsmir yoki yoshi kattalar o ªqishini tavsiya qilaman,pos
"–í–∑—è–ª –Ω–∞ –∑–∞–º–µ–Ω—É —Å—Ç–∞—Ä–æ–º—É –ø—ã–ª–µ—Å–æ—Å—É, —Ç–µ–ø–µ—Ä—å —É–±–æ—Ä–∫–∞ –±—ã—Å—Ç—Ä–µ–µüëçüëç",pos
A4 qog'oz yaxshi arzon. ammo pachka ichida hammasi shunaqa chiqyapti.,pos
—Å–ø–∞—Å–∏–±–æ –±–æ–ª—å—à–æ–µ —Ü–µ–Ω–∞ —à–∏–∫–∞—Ä–Ω–∞—è –∫–ª–∞—Å—Å–Ω–æ —Ä–∞–±–æ—Ç–∞–µ—Ç,pos
"Ekrani xira, hech narsa ko√îrinmaydi.",neg
ishlashi zor puliga 100% arziydi,pos
—Ö–æ—Ä–æ—à–∞—è –±—É–º–∞–≥–∞ –¥–ª—è –æ—Ñ–∏—Å–∞ –∏–ª–∏ –¥–ª—è –¥–æ–º–∞ –¥–µ—Ç—è–º –æ–Ω–∞ –±–µ–∂–µ–≤–æ–≥–æ —Ü–≤–µ—Ç–∞ –∫–∞–∫ —Å–≤–µ—Ä—Ö—É –æ–±–ª–æ–∂–∫–∞,pos
–£–∑—É–º–≥–∞ —Ä–∞—Ö–º–∞—Ç,pos
Rasmga aldanib oldim.,neg
"Sifatsiz Xitoy mahsuloti, arzimaydi.",neg
–û–ª—à–∏ —Ç–∞—Ñ—Å–∏—è –∫–ª–∞–º–∞–Ω –∞–π—Ñ–æ–Ω–≥–∞—è–º –±–æ–ª–∞–¥ —É–ª–∞—Å–∞,pos
bizga juda yoqdi sfati ham yaxshi ekan bolajonim juda xursand buldi‚ù§Ô∏è,pos
"–°–ø–∞—Å–∏–±–æ —É–∑—É–º –º–∞—Ä–∫—É,–∑–∞ –¥–æ—Å—Ç–∞–≤–∫—É, –ø–æ–º–æ–≥–ª–∏ –ø–æ–¥–Ω—è—Ç—å –º–∞—à–∏–Ω–∫—É –¥–æ –¥–≤–µ—Ä–µ–π",pos
bemalol xarid qiling‚ù§Ô∏è‚ù§Ô∏è uzumga raxmat,pos
tavsiya qilaman,pos
kattakon rahmat pilisosimga juddayam yahshi tushti judda ishlavoti. Uzumga omad.,pos
"Qadoq ichidan bir detal chiqmay qoldi, to√îliq emas edi.",neg
Sifatli ekan olishni tavsiya qilaman,pos
tavsiya qilaman mazzaqib o'ynab yurubdi o'g'lim,pos
"Juda shovqin chiqaradi, uyda ishlatishga noqulay.",neg
hammaga tafsiya qilaman juda zo ªr ekan,pos
Ishlatishga noqulay.,neg
tavsiya qilaman,pos
"–í–∏–¥–∏–º–æ, HEPA —Ñ–∏–ª—å—Ç—Ä —Ä–µ–∞–ª—å–Ω–æ —Ä–∞–±–æ—Ç–∞–µ—Ç.",pos
–û—á–µ–Ω—å —Ö–æ—Ä–æ—à–µ–µ,pos
zor tez va yengil ishlidi,pos
–°–ø–∞—Å–∏–±–æ –£–∑—É–º,pos
–í—ã–≥–ª—è–¥–∏—Ç –∫—Ä—É—Ç–æ),pos
sila ham olila chotki uzum marketga rahmat addushi‚ù§Ô∏è‚úäüèª,pos
Tavsif bilan umuman mos emas.,neg
—è—Ö—à–∏ –∑—É—Ä –∏—à–ª–∞—è–ø—Ç–∏,pos
Kafolat qog‚Äôozi bo‚Äôsh ekan iltimos to‚Äôldirib berila,pos
–†–∞–±–æ—Ç–∞–µ—Ç –æ—á–µ–Ω—å —Ö–æ—Ä–æ—à–æ,pos
A4 qog'oz yaxshi arzon. ammo pachka ichida hammasi shunaqa chiqyapti.,pos
tavsiya qilaman yosh onalarga. o ªg ªlim qo ªlidan qo ªymay o ªyanayapti. uzumga rahmatüëçüí£,pos
kongildagiday,pos
—Ç–∞–≤—Å–∏—è “õ–∏–ª–∞–º–∞–Ω,pos
olishiylarni maslahat beraman yana bitta zakaz qilyapman men,pos
–∞—Å—Å–∞–ª–æ–º—É –∞–ª–∞–π–∫—É–º –±—É–≥—É–Ω –∫–ª–µ–æ –º—É–∑–ª–∞—Ç–≥–∏—á–∏–Ω–∏ –æ–ª–≥–∞–Ω–¥–∏–º –∏—à–ª–∞–º–∞—è–±–¥–∏ —É—Å—Ç–∞—Å–∏–Ω–∏ –∂—É–Ω–∞—Ç–∞—Å–∏–ª–∞—Ä–º–∏ .—è–Ω–≥–∏—Å–∏–≥–∞ –∞–ª–º–∞—à—Ç–∏—Ä–∏–± –±–µ—Ä–∏–Ω–≥ –º—É–∑–ª–∞—Ç–≥–∏—á–≥–∞ –∏—à–æ–Ω–∏–± 80–∫–≥ –≥—É—à—Ç –æ–ª–≥–∞–Ω–º–∞–Ω –∞–π–Ω–∏–± –∫–µ—Ç–∞–¥–∏. –∫–∞–π–∏—Ä–≥–∞ –º—É—Ä–æ–∂–∞—Ç –∫–∏–ª—Å–∞–º —Ö–∞–º –∞–Ω–∏–∫ –∂–∞–≤–æ–± –æ–ª–æ–ª–º–∞–¥–∏–º.–±–∏—Ä–∞–∫ –Ω–∞—Ä—Å–∞–Ω–∏ –±–µ—Ä–∏–±–¥–∏.,pos
kitob ga gap yo ªq,pos
Bu quloqchinni olganimdan xursandman! ‚ù§Ô∏è‚Äçüî•üëç,pos
—è—Ö—à–∏ —É—Ä–∞–ª–≥–∞–Ω –∫–µ–ª–¥–∏,pos
"Pulga arzimaydi, bundan ko√îra bozorga borib olgan ma√ïqul.",neg
Eyyy O ªzbekiston aholisi bu kitobni oqib chiqin ilik 10 varogini o ªzi sizni hayratda qoldiradi,pos
–∞–∂–æ–π–∏–± –∑—û—Ä —Ö–∞–º–∞–≥–∞ —Ç–∞—Ñ—Å–∏—è “õ–∏–ª–∞–º–∞–Ω,pos
tavsiya etama,pos
"Menga yoqdi, boshqalarga ham tavsiya beraman",pos
bemalol xarid qiling‚ù§Ô∏è‚ù§Ô∏è uzumga raxmat,pos
Ishonchsiz va chidamsiz.,neg
vapshe zur oyoq kiyim ekanüëçlekin olishdan oldin bir rasmer kichkinasidan olilar uzinglardi razmerlaring katta kelarkan,pos
–∑–æ—Ä –∏—à–ª–∞—à–∏—è–º –∂—É–¥–∞ —è—Ö—à–∏. —Ö–µ—á –∫–∞–µ—Ä–∏ –∫–∏—Ä–∏–ª–º–∞–≥–∞–Ω —á–∏–∑–∏–ª–º–∞–≥–∞–Ω.,pos
Uzum market-–í—ã —Å—É–ø–µ—Ä,pos
Ishlatish uchun qulay va kichik oila uchun ajoyib tanlov,pos
Bolalik hotirlalarni eslatuvchi ajoyib o'yinchoq farzandlarimzga qo'shilib o'ynayapmz. Uzum market jamoasiga katta raxmat,pos
olinglar,pos
–ß–æ—Ç–∫–∞,pos
yaxshi holatda yetib keldi rahmat kottakon,pos
"Juda sifatsiz, rasmda boshqa, kelganida butunlay boshqa chiqdi. Umuman yoqmadi, pulga arzimaydi.",neg
–æ—Ç–ª–∏—á–Ω—ã–µ –≤—Å–µ–º —Å–æ–≤–µ—Ç—É—é,pos
buyurtma berganmda 2kunda keladi diyilgandi lekin ertasi kuni keldi zor,pos
Tavsiya qilaman,pos
Xuddi rasmdagidek.Tavsiya qilaman.,pos
tavsiya beraman,pos
"–ï—Å–∫–∏ –Ω–æ–º–µ—Ä–∏–º —Ç—É—à–º–∞–¥–∏, —é—Å–µ–ª —Ç—É—à—Ç–∏ —è–Ω–≥–∏ –Ω–æ–º–µ—Ä –æ–ª–∏—à–≥–∞ —Ç–æ“ì—Ä–∏ –∫–µ–≤–æ—Ç–∏. –ù–µ–≥–∞ —Å–∏–º–∫–∞—Ä—Ç–∞ —Ç–∞–Ω–ª–æ–¥–∏ —Ç–µ–ª–µ—Ñ–æ–Ω?",pos
Sinib keldi.,neg
"Kitob sifati zo'rakan, o'qib ko'rdim judayam zo'r kitobikan ,maslahat beraman ü´†üòò",pos
Bu quloqchinni olganimdan xursandman! ‚ù§Ô∏è‚Äçüî•üëç,pos
Kutganimday keldi,pos
raxmat. butun yetib keldi. menga yoqdi,pos
ishlatvomiza yaxwi uzumga raxmat,pos
"Bir hafta ham ishlamadi. Birinchi kun normal edi, keyin o√îzi o√îchib qola boshladi. Pulimga juda achindim.",neg
Tavsiya qilamn,pos
olishga arziydi puliga stout narsa,pos
maslahat beraman,pos
Arzon mahsulot.,neg
–°–æ–≤–≥–∞—è–º —á–∏–∫–¥–∏ –∏—á–∏–¥–∞–Ω. –¢–∞–≤—Å–∏—è –∫–∏–ª–∞–º–∞–Ω —Ö–∞–º–º–∞–≥–∞.,pos
"–£–¥–æ–±–Ω–∞—è —Ä—É—á–∫–∞, –º—è–≥–∫–æ –µ–∑–¥–∏—Ç –ø–æ –ø–æ–ª—É. –®–Ω—É—Ä —Å–∞–º —É–±–∏—Ä–∞–µ—Ç—Å—è –±—ã—Å—Ç—Ä–æ, –º–µ—Ö–∞–Ω–∏–∑–º –Ω–µ –∫–ª–∏–Ω–∏—Ç.",pos
–∫–ª–∞—Å—Å–Ω—ã–µ –∫—Ä–æ—Å—Å–æ–≤–∫–∏. —Å–ø–∞—Å–∏–±–æ.,pos
Menga yoqmadi qaytarishni xoxlayman,neg
Xammaga tafsiya berman,pos
O'qituvchilar uchun juda kerakli,pos
Kutganimdan yaxshiroq chiqdi! Tavsiya qilamiz.,pos
shunaqa kod chqyabdi kelib ornatib bermas ekan,neg
Bir marta ishlatib bo√îlmadi.,neg
Juda noqulay dizayn.,neg
–æ–≤–æ–∑–∏ –ø–∞—Å.–∑—É—Ä.–º–∞–Ω–≥–∞ –µ–∫—Ç–∏.—é–≤–∏–ª–∏—à–∏ —Ç–æ–∑–∞.—Ç–∞–≤—Å–∏—è –∫–∏–ª–∞–º–∞–Ω,pos
"–î–æ–∏–º–∏–π –∏—à–ª–∞—Ç–∞–º–∞–Ω –≥—Ä–µ—á–∫–∞–Ω–∏. –ö–∞—à–∞, –∫–æ—Ç–ª–µ—Ç –∫—û—Ä–∏–Ω–∏—à–∏–¥–∞ —Ç–∞–π—ë—Ä–ª–∞–π–º–∞–Ω. –ú–∞–Ω–≥–∞ —ë“õ–∞–¥–∏. –°–æ—Ç—É–≤—á–∏–≥–∞ –≤–∞ –£–∑—É–º –≥–∞ —Ä–∞“≥–º–∞—Ç. –¢–µ–∑ –≤–∞ —Å–∏—Ñ–∞—Ç–ª–∏ –∫–µ–ª–¥–∏.",pos
zo'r kitob muqovalari yirtilmagan Qattiq betli olishni tavsiya beraman,pos
Yaxshi ekan. rangi ko ªzni og ªritmaydi,pos
hammasi kutganimdek,pos
–ñ—É–¥–∞ –∑—û—Ä,pos
"O√îlchami noto√îg√îri, tanlashda aldanganman.",neg
"–ü–æ–¥—Å—Ç–∞–≤–∫–∞ –∏–∑ –º–µ—Ç–∞–ª–ª–∞, –∏ –≤ –º–µ—Å—Ç–∞—Ö, –Ω–∞ –∫–æ—Ç–æ—Ä—ã–µ –Ω–æ—É—Ç–±—É–∫ –æ–ø–∏—Ä–∞–µ—Ç—Å—è, –µ—Å—Ç—å —Ä–µ–∑–∏–Ω–æ–≤—ã–µ –Ω–∞–∫–ª–∞–¥–∫–∏, –ø–æ—ç—Ç–æ–º—É –∫–æ—Ä–ø—É—Å –Ω–µ –ø–æ—Ü–∞—Ä–∞–ø–∞–µ—Ç—Å—è. –°—Ç–æ–∏—Ç –¥–æ—Å—Ç–∞—Ç–æ—á–Ω–æ —É—Å—Ç–æ–π—á–∏–≤–æ, –Ω–µ —à–∞—Ç–∞–µ—Ç—Å—è. –û–ø—Ä–µ–¥–µ–ª—ë–Ω–Ω–æ —Å—Ç–æ–∏—Ç —Å–≤–æ–∏—Ö –¥–µ–Ω–µ–≥",pos
"Juda tez eskirib ketdi, tashqi ko√îrinishi ham yomonlashdi.",neg
"Juda yengil, sifatsiz.",neg
qulay,pos
hammaga tafsiya qilaman,pos
"–ø–æ–∫–∞ —Ä–∞–±–æ—Ç–∞–µ—Ç –æ—Ç–ª–∏—á–Ω–æ,–¥–∞–ª—å—à–µ –ø–æ—Å–º–æ—Ç—Ä—é",pos
pilis√≥simga qolipdek tushti raxmat uzumga,pos
–•–æ—Ä–æ—à–æ —Ä–∞–±–æ—Ç–∞—Ç—å,pos
tafsiya qlaman olila narxlari arzon ekan,pos
"–ø–ª–∞—Å—Ç–∏–∫–æ–≤–∞—è –∫–∞—á–µ—Å—Ç–≤–µ–Ω–Ω—ã–π –±–µ–∑ –∑–∞–ø–∞—Ö–∞,—Ç–≤—ë—Ä–¥—ã–π,20 –º–∞–≥–Ω–∏—Ç–Ω—ã—Ö —à–∞—Ä–∏–∫–∞,–≤—Å—ë –∫–∞–∫ –≤ –æ–ø–∏—Å–∞–Ω–∏–∏.—Å–ø–∞—Å–∏–±–æ –ø—Ä–æ–∏–∑–≤–æ–¥–∏—Ç–µ–ª—é –∏ uzum .",pos
Zo‚Äòr gap bulish mumkinmas,pos
–±–æ–ª–∞–º–≥–∞ —ë–∫–¥–∏ —É–∑—É–º –º–∞—Ä–∫–µ—Ç–≥–∞ –†–∞—Ö–º–∞—Ç –∞–∫—Ü–∏—è –¥–æ–∏–º –î–∞–≤–æ–º —ç—Ç—Å–∏–Ω,pos
olilar,pos
"–ñ—É–¥–∞—è–º —Å–∏—Ñ–∞—Ç–ª–∏ –π–µ—Ç–∏–± –∫–µ–ª–¥–∏, –æ–≤–æ–∑–∏—è–º —á—ë—Ç–∫–∏, 2 —Ç–∞ –∫–∞–±–µ–ª–∏ +—á–µ—Ö–æ–ª–∏ –±–æ—Ä —ç–∫–∞–Ω –∂—É–¥–∞ —Ö—É—Ä—Å–∞–Ω–¥ –±–æ–ª–¥–∏–º, —Ç–µ–º –±–æ–ª–µ–µ –æ—Ä–∏–≥–∏–Ω–∞–ª —ç–∫–∞–Ω,–±—É –Ω–∞—Ä—Ö–≥–∞ –±–æ–∑–æ—Ä–¥–∞–Ω –û—Ä–∏–≥–∏–Ω–∞–ª–∏–Ω–∏ —Ç–æ–ø–∏—à –∫–∏–π–∏–Ω, –¢–∞–≤—Å–∏—è –±–µ—Ä–∞–º–∞–Ω –±–µ–º–∞–ª–æ–ª –æ–ª–∞–≤–µ—Ä–∏–Ω–≥–ª–∞—Ä",pos
bu kitobni men yoqdirdim,pos
O√îlchami noto√îg√îri.,neg
Tez qizib ketadi.,neg
Har taraflama ma‚Äôqul,pos
tavsiya qilaman,pos
Vashe zor tafsiya qlaman,pos
Umuman yoqmadi.,neg
"–°–ø–∞—Å–∏–±–æ –£–∑—É–º—É –∑–∞ –∫–∞—á–µ—Å—Ç–≤–µ–Ω–Ω—ã–µ —Ç–æ–≤–∞—Ä—ã,–æ—Ç–ª–∏—á–Ω–æ —É–ø–∞–∫–æ–≤–∞–Ω –∏ —Å–∞–º –ø—Ä–æ–¥—É–∫—Ç –∫–∞—á–µ—Å—Ç–≤–µ–Ω–Ω—ã–π",pos
Yetkazishda shikastlangan.,neg
boladi zoor  uyime  deyin  keldi  besplatniy,pos
—Ç–∞–≤—Å–∏—è –∫–∏–ª–∞–º–∞–Ω —Ä–∞—Å–º–¥–∞ –∫—É—Ä—Å–∞—Ç–∏–ª–≥–∞–Ω–∏–¥–µ–∫ –∫–µ–ª–¥–∏,pos
Bir detal yetishmadi.,neg
Manga rossa yoqdi eng muhimi qo'lda yuvmayapman mazza ovozi past zo'r.,pos
zor,pos
–®–∏—Ä–æ–∫–∞—è –Ω–∞—Å–∞–¥–∫–∞ –±—ã—Å—Ç—Ä–æ —Å–æ–±–∏—Ä–∞–µ—Ç –º—É—Å–æ—Ä.,pos
mengaham yoqdi juda chiroyli telefon ekan tavsiya qilaman,pos
"–ñ—É–¥–∞ —Ö–∞–º –∑—É—Ä, –≤–∞–∫—Ç–∏–¥–∞ –µ—Ç–∏–± –∫–µ–ª–¥–∏, —Å–æ—Ç—É–≤—á–∏–ª–∞—Ä–≥–∞ —Ä–∞—Ö–º–∞—Çüëç",pos
—Ä–µ–∫–æ–º–µ–Ω–¥—É—é –∫ –ø–æ–∫—É–ø–∫–µ.,pos
zur,pos
kutganimdan ham yaxshi keldi,pos
–æ—á–µ–Ω—å —Ö–æ—Ä–æ—à–∏–π —Ç–æ–≤–∞—Ä –º–Ω–µ –æ—á–µ–Ω—å –ø–æ–Ω—Ä–∞–≤–∏–ª—Å—è,pos
"Juda arzon ko√îrinadi, sovg√îaga ham uyat.",neg
Tavsiya qilaman zo'r kitob ekan,pos
—è—Ö—à–∏ –∑—É—Ä –∏—à–ª–∞—è–ø—Ç–∏,pos
aytilgan vaqtda keldi  yaxshi kitob s,pos
"–û—á–µ–Ω—å —Ö–æ—Ä–æ—à–∞—è –≥—Ä–µ—á–∫–∞. –í—Å–µ–≥–¥–∞ –ø–æ–∫—É–ø–∞–µ–º. –ù–∞–º –æ—á–µ–Ω—å –Ω—Ä–∞–≤–∏—Ç—Å—è, 
–£–¥–∞—á–∏ –ø—Ä–æ–¥–∞–≤—Ü—É",pos
o ªqib tugatdim juda zo ªr kitob hammaga tavsiya qilaman ‚ú®,pos
Vashe bomba tezlik juda zor kamer shunaqa tiniq zaryatasi xam zor zor iphonedan qolishmidi ishonila vapshe,pos
"—Ö–æ—Ä–æ—à–∏–µ –∫—Ä–æ—Å—Å–æ–≤–∫–∏, –Ω–µ–º–Ω–æ–≥–æ –º–∞–ª–æ–º–µ—Ä—è—Ç",pos
Tavsiya qilaman olila‚ù§Ô∏è,pos
Rasmdagidek keldi.Uzum marketga rahmat.,pos
z√µr ekan huddi uziniki dek,pos
"tafsiya qilaman oliwga 
zur",pos
Tafsiya qilaman,pos
–∂—É–¥–∞ –∫–∏—á–∫–∏–Ω–∞ —ç–∫–∞–Ω –∫–∞–π—Ç–∞—Ä–¥–∏–º –∫–∞—Ç—Ç–∞–º–∏–¥–∞–Ω –æ–ª–∏—à–Ω–∏ –º–∞–∫—É—à–∫—É –∫—É—Ä–¥–∏–º,pos
juda zur xamyonbop narxda sifatli keldi rahmat,pos
—Ç–∞–≤—Å–∏—è –∫–ª–∞–º–∞–Ω,pos
–Ø –æ—á–µ–Ω—å —Ä–∞–¥–∞ –º–Ω–µ –æ—á–µ–Ω—å –Ω—Ä–∞–≤–∏—Ç—Å—è –æ–≥—Ä–æ–º–Ω–æ–µ —Å–ø–∞—Å–∏–±–æ,pos
"Juda og√îir, ishlatish noqulay.",neg
"–ü—Ä–µ—Ç–µ–Ω–∑–∏–π –ø–æ–∫–∞ –Ω–µ—Ç , —Ç–∞–∫ –∫–∞–∫ –∫—É–ø–ª–µ–Ω–æ –≤ –ø–æ–¥–∞—Ä–æ–∫ –Ω–∞ –ù–ì —Ä–µ–±–µ–Ω–∫—É.",pos
"–ú–∞—à–∏–Ω–∫–∞ —Å—É–ø–µ—Ä, —É—Å—Ç–∞–Ω–æ–≤–∏–ª–∏ –≤—Å–µ –ø–æ –∏–Ω—Å—Ç—Ä—É–∫—Ü–∏–∏ 
–°—Ç–∏—Ä–∞–µ—Ç –æ—Ç–ª–∏—á–Ω–æ –∏ –æ—á–µ–Ω—å —Ç–∏—Ö–æ, –æ—Ç–∂–∏–º —Ö–æ—Ä–æ—à–∏–π(–ø–æ—á—Ç–∏ —Å—É—Ö–∏–µ –≤–µ—â–∏)",pos
Bir necha kundan keyin hid chiqara boshladi.,neg
sifatli oyoq kiyim omoxchi b√≤sela tavsiya qilaman. puliga arziydi,pos
tavsiya qilaman,pos
Yaxwi 1 iwlawi zorrr lekin zor tortarkan lekin ovozi rosa baland ekan Raxmat kotakon sifatli yetb keldi,pos
Sifat nazorati yo√îq.,neg
ozgina kichkina ekan,pos
tavsiya qilama,pos
puliga yarasha,pos
"–í—Å–µ –æ—Ç–ª–∏—á–Ω–æ, –æ—á–µ–Ω—å –∫–∞—á–µ—Å—Ç–≤–µ–Ω–Ω—ã–µ —á–∞—Å—ã , —Å–ø–∞—Å–∏–±–æ –±–æ–ª—å—à–æ–µ",pos
"–∂—É–¥–∞ —è—Ö—à–∏, –ø—É–ª–∏–≥–∞ –∞—Ä–∑–∏–π–¥–∏, –º–µ–Ω–≥–∞ —ë“õ“õ–∞–Ω–∏ 15 –¥–∞“õ–∏“õ–∞–ª–∏–∫ —Ñ—É–Ω–∫—Ü–∏—è—Å–∏ “≥–∞–º –±–æ—Ä —ç–∫–∞–Ω, –±–∏—Ä –º–∞—Ä—Ç–∞ –±—É–≥—É–Ω–æ–∫ –∏—à–ª–∞—Ç–∏–± –∫—É—Ä–¥–∏–º, —Ö–æ–∑–∏—Ä—á–∞ “≥–∞–º–º–∞—Å–∏ —è—Ö—à–∏, –ª–µ–∫–∏–Ω 3 –∫—É–Ω –∫–µ—á–∏–∫–∏–± –∫–µ–ª–¥–∏",pos
tafsiya qilaman razmer xam to ªg ªri kelar ekan,pos
"uzum marketga rahmat‚ú®menga juda yoqdi
sifati ham zo‚Äôr",pos
aynan shu g ªijduvondagi uzumda buyurma topshiruvchilani umuman muomilasi yoooq,pos
Ichida sovga chiqdi. Sifatli. Tavsiya qilaman,pos
tagini korishingiz mumkin umuman Chang k√≤rinmaydi kiyilgan oyoq kiyimni tozalasa ham bu daraja toza bolmaydi,neg
–û–ª—à–∏ —Ç–∞—Ñ—Å–∏—è –∫–ª–∞–º–∞–Ω –∞–π—Ñ–æ–Ω–≥–∞—è–º –±–æ–ª–∞–¥ —É–ª–∞—Å–∞,pos
boriga shukr behisob yaxshi mayli raxmat uzum market,pos
–ö–æ–Ω—Ç–µ–π–Ω–µ—Ä —Å–Ω–∏–º–∞–µ—Ç—Å—è –∏ –º–æ–µ—Ç—Å—è –±—ã—Å—Ç—Ä–æ. –ö–∞—á–µ—Å—Ç–≤–æ —Å–±–æ—Ä–∫–∏ –æ—â—É—â–∞–µ—Ç—Å—è —Å –ø–µ—Ä–≤–æ–≥–æ –∏—Å–ø–æ–ª—å–∑–æ–≤–∞–Ω–∏—è.,pos
–°—Ç–æ–∏—Ç —Å–≤–æ–∏—Ö –¥–µ–Ω–µ–≥,pos
Menga yoqdi zor zaryad yetishi ham zor Raxmat,pos
Zakaz qilganimdan 3 kunda keldi Uzum marketga raxmatüëçüëçüëçüëç Tavsiya qilaman,pos
menga kichkina bo ªldi Agar munkin bo ªlsa bir razmer kattasiga alishtirmoqchiman,pos
maslahat beraman,pos
Batareyasi o√îlik holatda kelgan.,neg
Kabrita mahsulotlari bolajonim uchun eng yaxshi tanlov,pos
hammaga olishni tavsiya qilaman,pos
Yana sotib olmayman.,neg
Juda yomon.,neg
"–û—Ç–ª–∏—á–Ω–æ –≤—Å–∞—Å—ã–≤–∞–µ—Ç, –ø—Ä–∞–≤–¥–∞ –≥—Ä–æ–º–∫–∏–π –∏ –ø–æ–ª–æ–≤–∏–Ω–∞ –æ—Ç –∑–≤—É–∫–∞-—ç—Ç–æ –∑–≤—É–∫ –≤—Å–∞—Å—ã–≤–∞–Ω–∏—è, –¥–∞–∂–µ –±–æ–ª—å—à–µ, —á–µ–º –∑–≤—É–∫ –¥–≤–∏–≥–∞—Ç–µ–ª—è. –ò —ç—Ç–æ –Ω–∞ –º–∏–Ω–∏–º–∞–ª—å–Ω—ã—Ö –æ–±–æ—Ä–æ—Ç–∞—Ö, –Ω–æ –º–Ω–µ –≥–ª–∞–≤–Ω–æ–µ —ç—Ñ—Ñ–µ–∫—Ç–∏–≤–Ω–æ—Å—Ç—å, —Ç—É—Ç –≤—Å–µ –≤ –ø–æ—Ä—è–¥–∫–µ. –ï—â–µ –±—ã –Ω–∞—Å–∞–¥–∫—É –ø–æ—É–∂–µ, —á—Ç–æ–± –≤ —É–∑–∫–∏—Ö –º–µ—Å—Ç–∞—Ö –ø—ã–ª–µ—Å–æ—Å–∏—Ç—å. –ê —Ç–∞–∫ –ø–æ–∫–∞ –≤—Å–µ –≤ –ø–æ—Ä—è–¥–∫–µ –∏ —Å–∏–ª–∞ –≤—Å–∞—Å—ã–≤–∞–Ω–∏—è —Å—É–ø–µ—Ä",pos
"tavsiya qilaman hamma aytilgan funksiyalari ishlamoqda shovqin joyda ishlayman ovozi baland, gaplashganimda ham meni ovozim yaxshi boryapti",pos
manga yoqdi,pos
"Juda arzon ko√îrinadi, hatto sovg√îa qilishga ham uyat.",neg
–∏–≥—Ä—É—à–∫–∞–Ω–∏ –∫–µ—á–∞ –æ–ª–¥–∏–º —Ä–∞—Å–∏–º–¥–∞ 32—Ç–∞ –º–∞–≥–Ω–∏—Ç –¥–µ–± –µ–∑–∏–ª–≥–∞–Ω –º–∞–Ω–¥–∞ –µ—Å–∞ 19—Ç–∞ –º–∞–≥–Ω–∏—Ç —á–∏–∫–¥–∏ –æ–¥–∞–º–ª–∞—Ä–Ω–∏ —à—É–Ω–∞–∫–∞ –∫–∏–ª–∏–± –∞–ª–¥–∞–π—Å–∏–ª–∞–º–∏,neg
–∑—É—Ä —ç–∫–∞–Ω –∏—Å—Å–∏–∫–∫–∏–Ω–∞,pos
Ideal,pos
Zo‚Äòr tushdi o‚Äòzinikidanam yaxshikan samsunga oganidim,pos
juda zor,pos
–ú–∞–Ω–æ–ª–∏ –∫–∏—Ç–æ–± —Ñ–∞–∫–∞—Ç –∫–∏—Ç–æ–± —Å–∏—Ñ–∞—Ç–ª–∏ —á–∏–∫—Å–∞ —è—Ö—à–∏ –±—É–ª–∞—Ä–¥–∏,neg
Ichidagi chang ko‚Äòrinib turadi qachon to‚Äòldigini bilish oson.,pos
"–û—á–µ–Ω—å –¥–æ–≤–æ–ª–µ–Ω –ø–æ–∫—É–ø–∫–æ–π, —Å–æ–≤–µ—Ç—É—é –≤—Å–µ–º",pos
yaxshi samsung A seriyasidan ALO.,pos
tavsiya qilmeman jalka ketdi puli ham voqtm ham,neg
–û–ª—à–∏ —Ç–∞—Ñ—Å–∏—è –∫–ª–∞–º–∞–Ω –∞–π—Ñ–æ–Ω–≥–∞—è–º –±–æ–ª–∞–¥ —É–ª–∞—Å–∞,pos
vashe manga yoqti qo ªrqmasdan ovurila faqat boshida kichiro turarka kyn tshirkanü§≠üëçüèª,pos
o'ylaganimdan ham zo ªr uzum market rahmat üëçüëçüëçüëç,pos
hammaga tavsiya qilaman,pos
yaxshi,pos
"—Å—ã–Ω—É –≤–∑—è–ª , —á—Ç–æ–±—ã –ø–∏–ª–∏–∫–∞–ª .–ó–∞ —ç—Ç–∏ –¥–µ–Ω—å–≥–∏ –≤—Å–µ –æ—Ç–ª–∏—á–Ω–æ",pos
oliwni tavsiya kilaman. sifatiga gap yuu,pos
"kutganimdanham alo chiqdi, narxi va sifat zo'r",pos
Vashe bomba tezlik juda zor kamer shunaqa tiniq zaryatasi xam zor zor iphonedan qolishmidi ishonila vapshe,pos
Juda kichik va ochilib yopilganda birlashgan joyi oynarkan va nimjon biriktirilgan,neg
Ishlashida uzilishlar bor.,neg
Ishlamadi aldab sotarkansilar umuman ishlamadi,neg
bizga juda yoqdi raxmat uzum va ishlab chiqaruvchilarga,pos
zor,pos
yaxshi rahmat,pos
–ù–æ—Ä–º –∑–∞ —Å–≤–æ–∏ –¥–µ–Ω—å–≥–∏,pos
"–ú–∞—à–∏–Ω–∫–∞ –æ—á–µ–Ω—å –∫—Ä–∞—Å–∏–≤–∞—è, —Ä–∞–±–æ—Ç–∞–µ—Ç –±–µ–∑ —à—É–º–∞.. –í—Å–µ –∑–∞–ø—á–∞—Å—Ç–∏ –Ω–∞ –º–µ—Å—Ç–µ, –ø—Ä–∞–≤–¥–∞ –≤–æ–¥–æ–ø—Ä–æ–≤–æ–¥–Ω—ã–π —à–ª–∞–Ω–≥ –∫–æ—Ä–æ—Ç–∫–∏–π.. –ü–µ—Ä–≤—ã–π –¥–µ–Ω—å —Å—Ç–∏—Ä–∞–ª–∞, –ø–æ–∫–∞ —Ä–∞–±–æ—Ç–∞–µ—Ç —Ö–æ—Ä–æ—à–æ.. –°–ø—Ä–∞–≤–ª—è–µ—Ç—Å—è —Å–æ –≤—Å–µ–º–∏ –∑–∞–¥–∞—á–∞–º–∏.. –ü–ª–æ—Ö–æ —Ç–æ —á—Ç–æ –∫—Ä—ã—à–∫–∞ —Å–æ–≤—Å–µ–º —Ç—ë–º–Ω–∞—è –∏ –Ω–µ –≤–∏–¥–Ω–æ –±–µ–ª—å—è... –ö–ª–∞—Å—Å–Ω–æ —Ç–æ —á—Ç–æ –µ—Å—Ç—å –ø–æ–¥—Å–≤–µ—Ç–∫–∞.. –ù–∏ –≥–¥–µ –ø–æ–∫–∞ —á—Ç–æ –Ω–µ –ø—Ä–æ—Ç–∏–∫–∞–µ—Ç, –±–µ–∑ –¥–∏—Ñ–µ–∫—Ç–æ–≤.. –ì–∞—Ä–∞–Ω—Ç–∏–π–Ω—ã–π —Ç–∞–ª–æ–Ω –Ω–µ –∑–∞–ø–æ–ª–Ω–µ–Ω –∏ –Ω–µ—Ç –ø–µ—á–∞—Ç–∏ —ç—Ç–æ –Ω–µ —Ö–æ—Ä–æ—à–æ.. –ê —Å–∞–º–∞ –º–∞—à–∏–Ω–∫–∞ —Å—É–ø–µ—Ä –æ—á–µ–Ω—å –ø–æ–Ω—Ä–∞–≤–∏–ª–æ—Å—å –º–Ω–µ –∏ –º–æ–µ–π —Å–µ–º—å–µ.. –ù–∞–¥–µ—é—Å—å —á—Ç–æ –ø—Ä–æ—Å–ª—É–∂–∏—Ç –¥–æ–ª–≥–æ...",pos
menga yoqdi rasimdagi dek keldi,pos
Rasmdagidek keldi.Uzum marketga rahmat.,pos
uzum market ga rahmat juda qulay va arzon ekan narxiga arziydi ayniqsa sovg ªaga juda mos uyaltirmidi,pos
4-Oct,pos
"–º–Ω–µ –ø–æ–Ω—Ä–∞–≤–∏–ª–æ—Å—å –æ—á–µ–Ω—å —Ö–æ—Ä–æ—à–µ–µ –∫–∞—á–µ—Å—Ç–≤–æ, –∫—É–ø–∏–ª–∞ –Ω–µ —Å–µ–±–µ –∞ –º–∞–º–µ –Ω–∞–¥–µ—é—Å—å –±—É–¥–µ—Ç –Ω–æ—Å–∏—Ç—å –¥–æ–ª–≥–æ...",pos
hammaga tafsiya qilaman,pos
"Yetkazish xizmatidan ham noroziman, kechikdi va beparvo olib kelishdi.",neg
judayam yoqdi yaxshi kitob ekan,pos
Olishga arziydi va bolalar uchun qiziqarli,pos
–ø–æ–¥—Å–≤–µ—Ç–∫–∞—Å–∏–Ω–∏ “õ–∞–Ω–¥–∞–π —ë“õ–∞–¥–∏ —Ç–æ–ø–∞–æ–ª–º–∞–¥–∏–º,pos
Rahmatü§ó,pos
uzum market arzon va tez ishonchli ekan ayniqsa pasport so'ramaydi shu zo'r,pos
manga yoqdi tavsiya qilaman rahmat kotta,pos
—Ö–æ—Ä–æ—à–∞—è –º—É–∫–∞ —Å–ø–∞—Å–∏–±–æ —É–∑—É–º,pos
"–°–ø–∞—Å–∏–±–æ –ø—Ä–æ–¥–∞–≤—Ü—É, —Å—Ä–æ–∫ –≥–æ–¥–Ω–æ—Å—Ç–∏ –≤ –ø–æ—Ä—è–¥–∫–µ –∏ —Ü–µ–Ω–∞ —Ö–æ—Ä–æ—à–∞—è",pos
—è—Ö—à–∏ –µ–∫–∞–Ω —á–∏—Ä–æ–ª–∏ —Ö–∞–º,pos
–¥–ª—è –¥–æ–º–∞ –ø–æ–π–¥–µ—Ç,pos
"Menga juda kerak edi, umidlarim ko'p edi, bolam uchun vafli pishirayotgandim, qabul qilish joyida ochganimdan juda xursandman - qopqog'i sirtni qoplamaydi, u tom ma'noda tebranadi, qanday qilib aniq nuqsonli mahsulotni jo'natib yuborishlariga hayronman, vaqtimni va Uzum jamoasini behuda sarflaganim uyat.",neg
sifati judayam alo darajada chiroyli,pos
karobkada hamma narsasi bor ekan juda ajoyib,pos
"–ø–æ–∫—É–ø–∫–æ–π –¥–æ–≤–æ–ª—å–Ω—ã, –º–æ—â–Ω—ã–π, –∫–æ–º—Ñ–æ—Ä—Ç–Ω—ã–π –≤ —Ä—É–∫–µ –∏ —É–¥–æ–±–Ω–æ –º–∞–Ω–µ–≤—Ä–∏—Ä–æ–≤–∞—Ç—å –ø—Ä–∏ —É–±–æ—Ä–∫–µ",pos
Telefondan televiZordan chalg‚Äôitish uchun zur metod,pos
Juda qo√îpol ishlangan.,neg
–£–¥–æ–±–Ω–æ –∏ –ø—Ä–∞–∫—Ç–∏—á–Ω–æ.,pos
"–ø—Ä–æ—Å—Ç–æ –º—É—Å–æ—Ä –≤–∑—è–ª , –∞ –Ω–∞ —Å–ª–µ–¥—É—é—â–∏–π –¥–µ–Ω—å –Ω–µ —Ä–∞–±–æ—Ç–∞–µ—Ç , –Ø —Å—Ç–æ–ª—å–∫–æ –º–æ–ª—á–∞–ª –≤–æ–∫–æ–Ω—Ü–æ–≤–∫–∏ –Ω–µ —É–¥–µ—Ä–∂–∞–ª—Å—è",neg
üëç,pos
Kotta raxmat judayam zo'r sifatli keldi olishilani tavsiya qilaman,pos
–ñ—É–¥–∞—è–º –∑–æ—Ä –∫–∏—Ç–æ–± ‚ù§Ô∏èüòª,pos
Ishlatib Yana izoh yozaman,pos
Sifatli,pos
"–ü–æ–∫—É–ø–∫–æ–π –¥–æ–≤–æ–ª–µ–Ω, —Å–≤–æ–∏—Ö –¥–µ–Ω–µ–≥ —Å—Ç–æ–∏—Ç.",pos
kutganda yaxshi,pos
1 ga 1 xuddi rasimdagidek zo‚Äòr,pos
huddi rasmdagidek yetib keldi uzumga kotta raxmat,pos
"–í–µ—Å –Ω–æ—Ä–º–∞–ª—å–Ω—ã–π, –Ω–µ —Å–ª–∏—à–∫–æ–º —Ç—è–∂—ë–ª—ã–π. –î–ª—è —Å–≤–æ–∏—Ö –¥–µ–Ω–µ–≥ –ø—Ä–æ—Å—Ç–æ —Ç–æ–ø.",pos
____ _____ ____ ______ ______ ___________ _______ ______ _ ________. _____ ___ _____ __,neg
Sifat nazorati umuman yo√îq.,neg
Narxiga nisbatan sifati juda past.,neg
Hidi ketmaydi.,neg
Olishni tavsiya qilamiz,pos
telefonni tavsiya etaman,pos
uzum market judayam qulay,pos
hammaga tafsiya  qilaman,pos
Batareyasi o√îlik kelgan.,neg
"—ë–∑–∏–ª–≥–∞–Ω –∫—É–Ω–∏–¥–∞–Ω –∫–µ—á –∫–µ–ª–¥–∏ –ª–µ–∫–∏–Ω —è—Ö—à–∏ –∏—à–ª–∞—è–±–¥–∏,–†–ê–•–ú–ê–¢,–∫–æ—Ä–ø—É—Å–∏ “õ–∞—Ç—Ç–∏“õ “õ–∏–∑–∏—è–±—Ç–∏ –Ω–∏–º–∞–¥–∞–Ω –±–∏–ª–º–∏—Å–∏–ª–∞—Ä–º–∏?",pos
"Materiali juda arzon, qo√îlga olib ko√îrsang ham sifatsizligi bilinadi. Bunday narxga ancha yaxshisini olish mumkin.",neg
Maza qilib o‚Äòynayabdi,pos
men bu kitobga rosa qiziqgan edim ammo menga kitob yetib kelmadi dastavkasi kechikti va kelgan kuni negadir o'zidan o'zi atkaz berib dastavkani bekor qilib yuborishibti,pos
qorqmay olaverilar,pos
–∞—Ä–∑–º–∏–¥–∏,neg
olib ishlatila maslahat beraman,pos
–Ω–∞ —Å–∞–º–æ–º –¥–µ–ª–µ –ø—ã–ª–µ—Å–æ—Å –Ω–∞ –ø–æ–ª-–ª—è–º–∞ –¥–µ—à–µ–≤–ª–µ,pos
"–¥–ª—è –ª—é–±—ã—Ö –Ω–æ—É—Ç–±—É–∫–æ–≤ –∏ –ø–ª–∞–Ω—à–µ—Ç–æ–≤ –û–ß–ï–ù–¨ –•–û–†–û–®–û, –í–°–ï–ú –°–û–í–ï–¢–£–Æ –ù–ï –°–õ–£–®–ê–ô–¢–ï –ù–ï–ì–ê–¢–ò–í",pos
tavsiya qilaman sifati yaxwi iwlawi ham,pos
Rasmdagidek keldi.Uzum marketga rahmat.,pos
Hozircha yaxshi ishlayapti,pos
Kutganimdan juda yomon.,neg
uzum marketning  yetkazib berish xizmatiga gap yo. tovar ham yaxshi,pos
Tavsiya beramiz üî•,pos
Ko√îp kamchiliklari bor.,neg
tavsiya qilaman,pos
"–∫–∞–∫ —Ä–∞–∑ –ø–æ —Ü–≤–µ—Ç –∫–æ–º–ø—å—é—Ç–µ—Ä–∞, –µ—â—ë —á—ë—Ä–Ω—ã–µ –∫—É–ø–ª—é –Ω–∞ —Ä–∞–±–æ—Ç—É",pos
–£–±–∏—Ä–∞—Ç—å —Å—Ç–∞–ª–æ –∫–æ–º—Ñ–æ—Ä—Ç–Ω–µ–µ.,pos
uzum market ga rahmat juda qulay va arzon ekan narxiga arziydi ayniqsa sovg ªaga juda mos uyaltirmidi,pos
–†–µ–∫–æ–º–µ–Ω–¥—É—é.üëç,pos
"–û—Ç–ª–∏—á–Ω–æ —Ä–∞–±–æ—Ç–∞–µ—Ç,–±—ã—Å—Ç—Ä–∞—è –¥–æ—Å—Ç–∞–≤–∫–∞ –≤—Å–µ —Å—É–ø–µ—Ä.–ì–õ–ê–í–ù–û–ï –ë–ï–ó –®–£–ú–ê –°–¢–ò–†–ê–ï–¢üëç–∏ –ù–ï —Ç—Ä–µ—Å–µ—Ç –≤–æ–≤—Ä–µ–º—è –æ—Ç–∂–∏–º–∞ –∫–∞–∫ –Ω–µ–∫–æ—Ç–æ—Ä—ã–µ.
–±–ª–∞–≥–æ–¥–∞—Ä—é –∑–∞ —Ç–æ–≤–∞—Ä.",pos
buyurtma berganmda 2kunda keladi diyilgandi lekin ertasi kuni keldi zor,pos
"—É–∑—É–º –∫–∞—Ä—Ç–∞ –¥–∞–Ω —Ç—ÉÃÅ–ª–∞—Å–∞–º 30 —Ñ–æ–∏–∑ –∫,–∞–π—Ç–∞—Ä–º–∞—è–ø—Ç–∏",pos
üëç,pos
kitob yoshlik hotiralarini esga soladi uzum marketga omad!,pos
"–Ø —Ç–∞–∫ –¥–æ–≤–æ–ª—å–Ω–∞ –ø–æ–∫—É–ø–∫–æ–π! –¢–µ—Ö–Ω–∏–∫—É –∑–∞–∫–∞–∑—ã–≤–∞—Ç—å –Ω–∞ –æ–±—É–º —Å–æ–ø—Ä–æ–≤–æ–∂–¥–∞–µ—Ç—Å—è —Ä–∏—Å–∫–æ–º. –ù–æ –∫—Ç–æ –Ω–µ —Ä–∏—Å–∫—É–µ—Ç,—Ç–æ—Ç –Ω–µ –ø—å—ë—Ç —à–∞–º–ø–∞–Ω—Å–∫–æ–µ üçæ!
–ö–æ–º–ø–∞–∫—Ç–Ω—ã–π,–¥–∏–∑–∞–π–Ω –∫—Ä–∞—Å–∏–≤—ã–π, —Ä–∞–±–æ—Ç–∞–µ—Ç –∫–∞—á–µ—Å—Ç–≤–µ–Ω–Ω–æ! —Ñ—É –ë–ª–∞–≥–æ–¥–∞—Ä—é –£–ó–£–ú –∑–∞ —Ç–æ–≤–∞—Ä!",pos
"Bir haftaga ham bormadi, buzildi.",neg
–ú–∏—Ü–µ–ª–ª—è—Ä–∫–æ –ø—Ä–æ—Å—Ç–æ —Å—É–ø–µ—Ä üòçüòçüòç —Å–æ–≤–µ—Ç—É—é ü´∂üèª,pos
nega ulanmayabdi wi-fi ga,pos
zor,pos
30-dekabr kuni qabul qilganman.Bugun 16-fevral.Quvvati hali ham tugagani yo'q,pos
bemalol xarid qiling‚ù§Ô∏è‚ù§Ô∏è uzumga raxmat,pos
Qadoqdan chiqarilganda ham sifatsizligi bilinadi.,neg
–û–ª—à–∏ —Ç–∞—Ñ—Å–∏—è –∫–ª–∞–º–∞–Ω –∞–π—Ñ–æ–Ω–≥–∞—è–º –±–æ–ª–∞–¥ —É–ª–∞—Å–∞,pos
yaxshi,pos
"–û—Ç–ª–∏—á–Ω—ã–π –Ω–æ—É—Ç–±—É–∫,–¥–æ—á–∫–µ –ø–æ–Ω—Ä–∞–≤–∏–ª–æ—Å—å,—Å–ø–∞—Å–∏–±–æ –ø—Ä–æ–¥–∞–≤—Ü—Éüòä",pos
"Tavsifdagi xususiyatlari yo√îq, aldagan.",neg
juda ham sifati a ºlo darajada muzlatishi juda zo ªr. Kafolat haqida hech nima deyilmagan ekan kafolati qancha buni ???,pos
–æ–ª—à–ª–∞—Ä–∏–Ω —Ç–∞—Ñ—Å–∏—è “õ–ª–∞–º–∞–Ω,pos
almashtirib yurishga hojat yo‚Äòq,pos
karobkada hamma narsasi bor ekan juda ajoyib,pos
yaxshi keladi,pos
birinchi pelesos qilganimda gilamdan bazur ayirib oldim zo ªr tortarkanda dedim 2 chi 3 chi marta pelesos qildim yumshoq bo ªlib qoldi lekin zo ªr tortayapti ilohim tortmay qolmasinda uzumga katta raxmat‚ô•Ô∏è,pos
zor vapshe telefonda gaplashsa ovozlari tiniq raxmat,pos
olishni tavsiya qilaman hozirda yaxshi ishlayabdi hudo hohlasa shunde ishledi deb umid qlaman. Puliga arzidikan,pos
nervinniy onalar uchun,pos
–û—á–µ–Ω—å —É–¥–æ–±–Ω—ã–µ. –†–µ–∫–æ–º–µ–Ω–¥—É—é.–°–ø–∞—Å–∏–±–æ –£–∑—É–º,pos
qizigani bn pishirmas ekan xom qilib quyadi,neg
tafsiya qlaman olila narxlari arzon ekan,pos
Kutganimdan yaxshiroq chiqdi! Tavsiya qilamiz.,pos
Ishonchsiz mahsulot.,neg
Brak mollari keldi. Knopkasi ishlamadi. Yaxshiyam ovotganda pointda ochib islatib kurdim. Tovarni qaytib kilib darhol pulimmi kaytarishdi,neg
sovgaga bosa olilar qutilari bn akuratniy,pos
zur,pos
Tavsiya qilaman,pos
olinglar bollarim mazza qilib o ªynayapti,pos
Juda sifatsiz material.,neg
Lekin hali ishlatib ko'rmadim,pos
—Ç–∞–≤—Å–∏—è –∫–∏–ª–∞–º–∞–Ω –•–∞–¥–∏—è–≥–∞ —Ö–∞–º –∑—É—Ä –∫–∏—Ç–æ–± —ç–∫–∞–Ω —Ä—É—Ö–∏–π –æ–∑—É–∫–∞ –æ–ª–∞—Å–∏–∑,pos
Juda shovqinli ishlaydi.,neg
"–ü—Ä–æ–≤–æ–¥ –¥–ª–∏–Ω–Ω—ã–π, —É–¥–æ–±–Ω–æ —É–±–∏—Ä–∞—Ç—å—Å—è –±–µ–∑ —á–∞—Å—Ç—ã—Ö –ø–µ—Ä–µ–∫–ª—é—á–µ–Ω–∏–π. –•–æ—Ä–æ—à–æ —á–∏—Å—Ç–∏—Ç –ø–ª–∏—Ç–∫—É –∏ –∫–æ–≤—Ä–æ–ª–∏–Ω.",pos
–æ—Ç–ª–∏—á–Ω–æ —Ä–∞–±–æ—Ç–∞–µ—Ç —Å–ø–∞—Å–∏–±–æ –±–æ–ª—å—à–æ–µ —É–∑—É–º!,pos
—Å—Ç–∏—Ä–∞–ª–∫–∞ –ø–æ–Ω—Ä–∞–≤–∏–ª–∞—Å—å –∫–∞—á–µ—Å—Ç–≤–æ –∏ —Ü–µ–Ω–∞ —Ö–æ—Ä–æ—à–µ–µ –∫—Ä–∞—Å–∏–≤–∞—è —Å—Ç–∏—Ä–∞–µ—Ç —Ö–æ—Ä–æ—à–æ,pos
–í—Å–µ –æ—Ç–ª–∏—á–Ω–æ üëç –∫–∞–∫ –≤—Å–µ–≥–¥–∞,pos
"–ö–ª–∞—Å—Å–Ω—ã–µ —Å–∫–µ—á–µ—Ä—ã / –Ω–µ –æ—Ä–∏–≥–∏–Ω–∞–ª/,–º–Ω–µ –ø–æ–∫–∞–∑–∞–ª–æ—Å—å –±–æ–ª—å—à–µ–º–µ—Ä—ã,–Ω–æ—à—É –æ–±—É–≤—å 39 –ø–æ–º–µ—Ä–∏–ª–∞,–æ–≥—Ä–æ–º–Ω—ã–µ / –Ω–∞ —à–∏—Ä–æ–∫—É—é –Ω–æ–∂–∫—É/,–≤–∑—è–ª–∞ 38 —Ä–∞–∑–º–µ—Ä,—Å–µ–π—á–∞—Å —Ç–µ–ø–ª–æ –Ω–æ—à—É —Å —É–¥–æ–≤–æ–ª—å—Å—Ç–≤–∏–µ–º.",pos
upakovkasi judayam yaxshi keldim hamma narsasi joyida,pos
–¢–æ—Ä—Ç–∏—à –∫—É—á–∏ –∑—É—Ä.2 –æ–π–¥–∞–Ω –±–µ—Ä–∏ —Ñ–æ–π–¥–∞–ª–∞–Ω–∞–º–∞–Ω.—à–∏–∫–æ—è—Ç –π—É–∫.,pos
maslahat beraman sifatiga gap yoq,pos
hali o'qib ko ªrmadim,pos
–ó–∞ —Å–≤–æ—é –¥–µ–Ω—å–≥–∏ –Ω–µ –ø–ª–æ—Ö–æ–π —Ç–æ–≤–∞—Ä.,pos
"Juda qattiq, egilmaydi.",neg
–í–æ–æ–±—â–µ –∑–æ—Ä –º–∞—Å–ª–∞—Ö–∞—Ç –±–µ—Ä–∞–º–∞–Ω,pos
o ªg ªlimga yoqti narxini arzonroq qisela yana bitta olardim,pos
–ø–æ–¥–æ—à—ë–ª –Ω–∞ –º–æ–π –ø—ã–ª–µ–æ—Å–æ—Å. —Å–ø–∞—Å–∏–±–æ —É–∑—É–º –º–∞—Ä–∫–µ—Ç—É –∏ –ø—Ä–æ–¥–∞–≤—Ü—É.,pos
—è—Ö—à–∏ –∏—à–ª–∞–± —Ç—É—Ä–∏–±–¥–∏,pos
Hammasi kutilganidek ajoyib ekan,pos
–¢–∞–≤—Å–∏—è –∫–∏–ª–∞–º–∞–Ω –∫–æ—Ä–∫–º–∞—Å–¥–∞–Ω –æ–ª–∏–ª–∞—Ä,pos
lekn men tanlagan rangidan kelmagan,neg
"–ö–∞–º–µ—Ä–∞ –ø–æ–Ω—Ä–∞–≤–∏–ª–∞—Å—å, –≤–º–µ—Å—Ç–∏—Ç–µ–ª—å–Ω–∞—è. –ú–æ—Ä–æ–∑–∏—Ç –æ—Ç–ª–∏—á–Ω–æ.",pos
–†–µ–∫–æ–º–µ–Ω–¥—É—é...,pos
–∫–∞—á–µ—Å—Ç–≤–æ —Å—É–ø–µ—Ä –∏ —Ü–µ–Ω–∞ —Ç–æ–∂–µ —Å–ª–∞–¥–∫–∞—è,pos
"hali √¥qib k√¥rmadim, lekin kitobni –∫–∞—á–µ—Å—Ç–≤–æ—Å–∏ z√¥r",pos
zaryadnik va cheholi bilan keldi. Haridim uchun xursandman.,pos
Olib ishlatishga kerak,pos
Tavsiya qilaman zo ªr kitob,pos
huddi rasmdagidek yetib keldi uzumga kotta raxmat,pos
–°–ø–∞—Å–∏–±–æ —Å–æ–±—Ä–∞–ª–∏ –æ—á–µ–Ω—å –ª–µ–≥–∫–æ. –°—ã–Ω—É –ø–æ–Ω—Ä–∞–≤–∏–ª–æ—Å—å.,pos
Sovg ªa uchun olgan edim,pos
–º–∞–Ω –∫—É—Ç–≥–∞–Ω–¥–µ–∫ —É–∑–∏–º —Ö–æ—Ö–ª–∞–≥–∞–Ω–¥–µ–∫ –ø—É–ª–∏–≥–∞ –∂—É–¥–∞—è–º –∞—Ä–∑–∏–π–¥–∏ —Ç–µ–∑ —É–ª–∞–Ω–∞–¥–∏ —Ö–∞–º–º–∞ –Ω–∞—Ä—Å–∞—Å–∏ –∏—à–ª–∏–π–¥–∏ –∫—É–ª–æ–≥–∏–¥–∞–≥–∏ —Ä–µ–∑–∏–Ω–∫–∞–ª–∞—Ä–∏ 2 —Ç–∞ –∫—É—à–∏–± –±–µ—Ä–∏–ª–≥–∞–Ω –º–∞—Å–ª–∞—Ö–∞—Ç –±–µ—Ä–∞–º–∞–Ω —Ö–∞–º–º–∞–≥–∞ –∂—É–¥–∞—è–º –æ–≤–æ–∑–∏ —è—Ö—à–∏ –±–æ–Ω—É—Å–∏–≥–∞ –∑–∞—Ä—è–¥—á–∏–∫ –≤–∞ —á–µ—Ö–æ–ª —Ä–∞—Ö–º–∞—Ç,pos
Qisqa muddatli foydalanish uchun ham yaramaydi.,neg
raxmat oylaganimdeyakan,pos
"–ó–∞–∫–∞–∑–∏–º–Ω–∏ –æ–ª–¥–∏–º, —Ö–∞–º–º–∞ –∂–æ–π–∏ —è—Ö—à–∏, —É—Å—Ç–∏ –∫–∞—Ç—Ç–∏–∫ —ç–∫–∞–Ω. –ú–∞–Ω–≥–∞ –π–æ–∫—Ç–∏ —Ä–∞—Ö–º–∞—Ç‚ù§Ô∏è",pos
hozi rosa trendegi ktob manam qzqb zakaz qludm endi oqiwi bowliman,pos
Tafsiya beraman,pos
–ö–æ–º–ø—å—é—Ç–µ—Ä —Ä–∞–±–æ—Ç–∞–µ—Ç –∏–¥–µ–∞–ª—å–Ω–æ –≤—Å—ë –ø–æ–¥–ª–µ—Ä–∂–∏–≤–∞–µ—Ç,pos
Arziydi. Iloji boricha tekshirib komment oqib harid qiling üëçüëçüëç,pos
–ê—Å—Å–∞–ª–æ–º—É –∞–ª–µ–π–∫—É–º –æ–π–∏–Ω—á–æ–∫ —è—Ö—à–∏ —Ö–æ–ª–∞—Ç–¥–∞ –±–æ–ª–ª–∞—Ä–∏–º–≥–∞ —ë–∫—Ç–∏ —Å–æ–≤–≥–∞ —É—á—É–Ω —Ö–∞–º —Ä–∞—Ö–º–∞—Ç.,pos
"Bir necha marta yoqib o√îchirdim, shundan keyin butunlay ishlamay qoldi.",neg
"Juda yomon yig√îilgan, detallari joyiga to√îg√îri kelmaydi.",neg
"Qadoqlanishi juda yomon, himoyasiz kelgan.",neg
"Sifati yaxshi, narxiga javob bera oladi. Farzandlarimiz bilan maza qilib, √≤ynadik rosa qiziq √≤yin ekan. Bizaga ma'qul keldi, raxmat üëç",pos
Puliga arzimedi sifat 0 juda sifatsiz olishni tavsiya bermiman,neg
—É–º—É–º–∞–Ω —ë–∫–º–∞–¥–∏ –∫–∞–π—Ç–∞—Ä–∏–± —é–±–æ—Ä–∞–º–∞–Ω,neg
Judayam zor keld faqat karopkasi yirtigini etmaganda nu normüòò,pos
"Bolajonlar xursand, tashkilotchilarga raxmat!",pos
maslahatim xamma onalar o ªqisin,pos
zaryadnik va cheholi bilan keldi. Haridim uchun xursandman.,pos
"–ó–∞–∫–∞–∑–∞–ª –º—ã—à–∫—É. –ü–æ –º–æ–¥–µ–ª–∏ –æ–Ω–∞ —Å–æ–æ—Ç–≤–µ—Ç—Å—Ç–≤—É–µ—Ç –∑–∞—è–≤–ª–µ–Ω–Ω–æ–π, –æ–¥–Ω–∞–∫–æ —Ñ–∞–∫—Ç–∏—á–µ—Å–∫–∏ –æ–Ω–∞ –ø—Ä–æ–≤–æ–¥–Ω–∞—è.
–ù–∞ –∏–∑–æ–±—Ä–∞–∂–µ–Ω–∏—è—Ö –≤ –∫–∞—Ä—Ç–æ—á–∫–µ —Ç–æ–≤–∞—Ä–∞ –ø–æ–∫–∞–∑–∞–Ω–æ, —á—Ç–æ –º—ã—à–∫–∞ –±–µ—Å–ø—Ä–æ–≤–æ–¥–Ω–∞—è, –∞ –ø—Ä–æ–≤–æ–¥ –∏—Å–ø–æ–ª—å–∑—É–µ—Ç—Å—è —Ç–æ–ª—å–∫–æ –¥–ª—è –∑–∞—Ä—è–¥–∫–∏. –í —Ä–µ–∞–ª—å–Ω–æ—Å—Ç–∏ –∂–µ –ø—Ä–æ–≤–æ–¥ –Ω—É–∂–µ–Ω –¥–ª—è –ø–æ—Å—Ç–æ—è–Ω–Ω–æ–≥–æ –ø–æ–¥–∫–ª—é—á–µ–Ω–∏—è, –∏ –±–µ–∑ –Ω–µ–≥–æ –º—ã—à–∫–∞ –Ω–µ —Ä–∞–±–æ—Ç–∞–µ—Ç.
–ü–æ—ç—Ç–æ–º—É —Ç–µ–º, –∫—Ç–æ –ø–ª–∞–Ω–∏—Ä—É–µ—Ç –ø–æ–∫—É–ø–∫—É –∏–º–µ–Ω–Ω–æ –±–µ—Å–ø—Ä–æ–≤–æ–¥–Ω–æ–π –º—ã—à–∏, —Å—Ç–æ–∏—Ç —É—á–∏—Ç—ã–≤–∞—Ç—å —ç—Ç–æ—Ç –º–æ–º–µ–Ω—Ç.
–ï—Å–ª–∏ –∂–µ –≤–∞–º –Ω—É–∂–Ω–∞ –ø—Ä–æ–≤–æ–¥–Ω–∞—è –º—ã—à—å, –¥–∞–Ω–Ω—ã–π –≤–∞—Ä–∏–∞–Ω—Ç –ø–æ–¥–æ–π–¥—ë—Ç.

Mishka zakaz qiluvdim. Modeli ko‚Äòrsatilganiga mos, ammo aslida u simli, men esa simsiz xohlagan edim.
Mahsulot rasmlarida simsiz qilib ko‚Äòrsatilgan. Aslida esa bu yerdagi sim va rasmdagi sim farq qiladi ‚Äî u zaryadlash uchun emas, balki kompyuterga ulash uchun kerak.
Shu sababli, aynan simsiz sichqoncha hoqlaganlar bu holatni inobatga olishlari kerak va sotuvchining yolg‚Äòoniga aldanib qolmang.
Agar sizga simli sichqoncha kerak bo‚Äòlsa, olsangiz bo'ladi",neg
"Rosa yoqudi manga oldin ham oludim yoqotib qoydimüò≠hozi yana zakaz qludim kecha bugun uje qolimda rahmat kattakon maslahat beraman olishlarini 
10/10qoyaman ishlashiga
Yonida padarkalari ucn alohida rahmat‚ú®‚ù§Ô∏è",pos
to ªlov chekini soliq ilovasidan avval ishlatilgan deb chiqdi,pos
–æ—á–µ–Ω—å —Ö–æ—Ä–æ—à–∏–π —Ä–∞–±–æ—Ç–∞–µ—Ç –±–µ–∑ —à—É–º–Ω–æ –∏ –±–æ–ª—å—à–æ–π —Å–ø–∞—Å–∏–±–æ —É–∑—É–º,pos
hammaga tavsiya etaman,pos
manga yoqti yaxsh keldi,pos
bemalol q√≤rqmay olishinglarni tafsiya qilaman,pos
olishi maslaxat beraman yaxshi ekan,pos
–æ—Ç–ª–∏—á–Ω–æ,pos
taxtachalarni ko'pida yoriq chiziqlari bor,neg
O√îzi o√îchib yoqilib turadi.,neg
yaxshi qizimga juda yoqdi oldin xam olgandik 5 taligidan endi 4 taligidan oldik aka singil talashgani uchun,pos
–•–∞–º–º–∞—Å–∏ –∑—û—Ä,pos
olishni tavsiya qilaman hozirda yaxshi ishlayabdi hudo hohlasa shunde ishledi deb umid qlaman. Puliga arzidikan,pos
Juda ishonchsiz.,neg
–ò—Å–ø–æ–ª—å–∑—É—é –ø–æ—á—Ç–∏ –∫–∞–∂–¥—ã–π –¥–µ–Ω—å.,pos
bizga judayam yoqdi maza qilib uynashyabdi .raxmat kattakon,pos
—Å–æ–≤–≥–∞–≥–∞ —è—Ö—à–∏ –µ–∫–∞–Ω —Ç–∞–≤—Å–∏—è –±–µ—Ä–∞–º–∞–Ω,pos
uzumga raxmat,pos
Olishlariga maslahat beraman Uzumga raxmat zo'r,pos
Telefonni quvati tugagach nechi soat qoyish kerak 8 soatmi yoki 16 soatmi. Izoh kutaman rahmat,pos
juda yaxshi bolachalar kiyimi uchun,pos
–•–∞–º–º–∞—Å–∏ –∑—û—Ä,pos
juda zur xamyonbop narxda sifatli keldi rahmat,pos
Ishonchsiz mexanizm.,neg
–ß–∏–¥–∞–º–ª–∏–≥–∞ —É—Ö—à–∞–π–¥–∏. –ñ—É–¥–∞ –±–∞–∫—É–≤–≤–∞—Ç —ç–∫–∞–Ω,pos
juda zur xamyonbop narxda sifatli keldi rahmat,pos
–Ø –æ—á–µ–Ω—å —Ä–∞–¥–∞ –º–Ω–µ –æ—á–µ–Ω—å –Ω—Ä–∞–≤–∏—Ç—Å—è –æ–≥—Ä–æ–º–Ω–æ–µ —Å–ø–∞—Å–∏–±–æ,pos
sotuvchi aloqaga chiqsin faqat yaxshi atvetlatdi quyganiga ishonib olgandim negativlarini ham quyinglar,neg
juda z√µrrr,pos
"Rasmga aldanib sotib oldim, afsus.",neg
uzum market arzon va tez ishonchli ekan ayniqsa pasport so'ramaydi shu zo'r,pos
Kitob Bomba üëçüëçüëç. Uzum Market Rahmat Katta. Uzum Marketdan Foydalanayotganimdan Hursandman Omad. Hech Qachon Yopilib Ketmelar Uzoq Vaqt Davom Etsin Savdolar.,pos
—è  –Ω–µ  –ø–æ–∂–∞–ª–µ–ª–∞.,pos
—Ç–µ–ª–µ—Ñ–æ–Ω —è—Ö—à –∏—à–ª–∞–≤–æ—Ç–∏ —É–∑—É–º –º–∞—Ä–∫–µ—Ç–≥–∞ —Ä–∞—Ö–º–∞—Ç,pos
Bu quloqchinni olganimdan xursandman! ‚ù§Ô∏è‚Äçüî•üëç,pos
menga yoqdi tavsiya qilaman,pos
Yaxshi ekan. rangi ko ªzni og ªritmaydi,pos
Judayam zor keld faqat karopkasi yirtigini etmaganda nu normüòò,pos
iltimos hamma narsasini to ªliq qilib yuborilsa yaxshi bo ªlardi.,pos
Izcham va qulay. Kiyimlarni yaxshi siqmaydi lekin bu motori kichkinaligidan. Toza yuvadi,pos
"Juda nozik, tez sinadi.",neg
Tavsif aldov.,neg
o ªz vaqtida sifatli kelei,pos
karobkada hamma narsasi bor ekan juda ajoyib,pos
Zur,pos
Bir haftadan keyin tugmalari tushib ketdi.,neg
juda yaxshi kamchiliklari yuq,pos
–í—Å–µ –ø—Ä–µ–∫—Ä–∞—Å–Ω–æ —Ä–∞–±–æ—Ç–∞–µ—Ç üëçüèª,pos
–ü—Ä–∏—à–ª–æ—Å—å –≤–µ—Ä–Ω—É—Ç—å. –Ø –∑–∞–∫–∞–∑—ã–≤–∞–ª–∞ —Å–µ—Ä—ã–π —Ü–≤–µ—Ç. –ü—Ä–∏—à–µ–ª —á–µ—Ä–Ω—ã–π.,pos
a'lo darajada klientni hurmat qilgan holatda qadoqlariga etibor berilgan ochilib karobkalari yirtilib kelmadii masulyat bilan ishlaganlariz uchun rahmat.,pos
"vaqtida yetib keldi
Puli yanada arzon bo‚Äòlsa juda ham mamnun bo‚Äòlardim",pos
narxi arzon boshqa do'konlarga qaraganda,pos
Yoq,pos
–•–æ–∑–∏—Ä—á–∞ —è—Ö—à–∏ –∏—à–ª–∞—è–ø—Ç–∏,pos
uzumga va do ªkonga raxmat juda zo ªr narx va sifat uyg ªunligi,pos
"–ü—è—Ç—å –º–∏–Ω—É—Ç –ø–æ–ª–µ—Ç –Ω–æ—Ä–º–∞–ª—å–Ω—ã–π!! 
–û—á–µ–Ω—å –ø–æ–Ω—Ä–∞–≤–∏–ª–∞—Å—å. –ü–æ–¥–∫–ª—é—á–∏–ª,, –ø—Ä–æ—Ç–µ—Å—Ç–∏–ª –Ω–∞ ""–±—ã—Å—Ç—Ä–æ–π —Å—Ç—Ä–∏—Ä–∫–µ""üëç üëç üëç –í—Å—ë –æ—Ç–ª–∏—á–Ω–æ! –î–∞–ª—å—à–µ –ø–æ–∫–∞–∂–µ—Ç –≤—Ä–µ–º—è. –†–µ–∫–æ–º–µ–Ω–¥—É—é",pos
–í–ø—Ä–æ—á–µ–º —É —Ç–æ–≤–∞—Ä —Ö–æ—Ä–æ—à–∏–π –≤—Å–µ–º —Ä–µ–∫–æ–º–µ–Ω–¥—É—é üëçüëçüëç,pos
Bir kunda buzildi.,neg
Plastik juda mo√îrt.,neg
zo ªr tavsiya qilamam,pos
Yaxshi narxiga yarasha,pos
"menga yoqdi, olishilarni tavsiya qilaman",pos
"—Ä–∞–±–æ—Ç–∞–µ—Ç –Ω–∞ –æ—Ç–ª–∏—á–Ω–æ,—ç–∫–æ–Ω–æ–º–∏—á–Ω–∞,–ø—Ä–∞–∫—Ç–∏—á–Ω–∞ –∏ –ø—Ä–æ—Å—Ç–∞ –≤ –∏—Å–ø–æ–ª—å–∑–æ–≤–∞–Ω–∏–∏...–Ω–µ —à—É–º–∏—Ç,–Ω–µ –¥—Ä–µ–±–µ–∑–∂–∏—Ç... —Ä–∞–±–æ—Ç–∞–µ—Ç –Ω–µ —Ö—É–∂–µ –±—Ä–µ–Ω–¥–æ–≤—ã—Ö, —Å–æ–≤–µ—Ç—É—é",pos
Materiali tez eskiradi.,neg
"–ü–æ–¥–æ—à–ª–∞ –∏–¥–µ–∞–ª—å–Ω–æ. –°–ø–∞—Å–∏–±–æ. –î—É–º–∞–ª–∞, —á—Ç–æ –Ω–µ—Ç —Ç–∞–∫–∏—Ö –∑–∞–ø—á–∞—Å—Ç–µ–π. –û–∫–∞–∑—ã–≤–∞–µ—Ç—Å—è, –µ—Å—Ç—å))",pos
"oylanib ogandim lekin koynimdegide chiqdi
tavsiya bitta kotta razmer olila malamerka yurarkan
savolimga vahtida javob yozgan sotuvchigayam ishlab chiqargangayam rahmat
pulini ming baravar oqlidi
38 39razmer ogandim 
38razmeri vozvrad qildim
39 razmerini obqoldim",pos
"–ú–∞—à–∏–Ω–∫–∞ —Å—É–ø–µ—Ä, —É—Å—Ç–∞–Ω–æ–≤–∏–ª–∏ –≤—Å–µ –ø–æ –∏–Ω—Å—Ç—Ä—É–∫—Ü–∏–∏ 
–°—Ç–∏—Ä–∞–µ—Ç –æ—Ç–ª–∏—á–Ω–æ –∏ –æ—á–µ–Ω—å —Ç–∏—Ö–æ, –æ—Ç–∂–∏–º —Ö–æ—Ä–æ—à–∏–π(–ø–æ—á—Ç–∏ —Å—É—Ö–∏–µ –≤–µ—â–∏)",pos
Kichkina detallari tez yo√îqoladi.,neg
Juda ko√îp kamchiliklari bor.,neg
tafsiya qilaman olinglar o ªqinglar,pos
yaxshi holatda keldi. zo‚Äòr,pos
Ovoz chiqarib ishlaydi.,neg
"–æ—à–∏–±—Å—è —Ä–∞–∑–º–µ—Ä–æ–º,–º–æ–∂–Ω–æ –ª–∏ –ø–æ–º–µ–Ω—è—Ç—å",pos
"Qizib ketib, o√îchib qoladi.",neg
Juda toqdi,pos
–û—á–µ–Ω—å –ø–æ–Ω—Ä–∞–≤–∏–ª–∞—Å—å –º–∞—à–∏–Ω–∫–∞.,pos
"Juda mo√îrt, ehtiyot bo√îlsang ham tez sinadi.",neg
zor ozimga rasa yoqdi,pos
zor taxshi ekan juda yoqdi,pos
iforini aytmasa ham bo ªladi man anchadan buyon olmoqchi edimü§≠,pos
Kompyuter keldi ishlatdik yaxshi hamasi joyida,pos
Chidamsiz.,neg
–ö–∏—Ä–º–æ—à–∏–Ω–∞ –π–æ–∫–¥–∏ –∫–∏—Ä–Ω–∏ —Ä–æ—Å—Å–∞ —Ç–æ–∑–∞ —é–≤–∞—è–ø—Ç–∏,pos
Tafsiya qilaman,pos
—É–∑—É–º –∂–∞–º–æ–∞—Å–∏–≥–∞ –≤–∞ —Å–æ—Ç—É–≤—á–∏–≥–∞ –∫–∞—Ç—Ç–∞ —Ä–∞—Ö–º–∞—Ç,pos
hammasi a ºlo darajada,pos
–æ—á–µ–Ω—å —Ö–æ—Ä–æ—à–æ üëç,pos
Tavsiya qilaman,pos
olishlarizi maslahat beraman,pos
Olishni tavsiya qilamiz,pos
—è—Ö—à–∏,pos
"–ö–ª–∞—Å—Å–Ω–∞—è –≤–µ—â—å,—Å—Ç–æ–∏—Ç —Å–≤–æ–∏—Ö –¥–µ–Ω–µ–≥,—Å–æ–≤–µ—Ç—É—é –±—Ä–∞—Ç—å. –£–¥–æ–±–Ω–æ –≤ –∏—Å–ø–æ–ª—å–∑–æ–≤–∞–Ω–∏–∏ –æ—Å–æ–±–µ–Ω–Ω–æ –¥–ª—è –æ—Å–∞–Ω–∫–∏",pos
–º–Ω–µ –ø–æ–Ω—Ä–∞–≤–∏–ª–æ—Å—å,pos
"–Ø–Ω–∞ 2—Ç–∞ –∑–∞–∫–∞–∑ “õ–ª–¥–∏–∫ —Å–æ–≤“ì–∞–≥–∞, –æ—é—É–º—É–º–∏–π 3—Ç–∞ –æ–æ–¥–∏–∫ –∑–æ—Ä –æ–ª–∏–ª–∞ —Ç–∞–≤—Å–∏—è “õ–ª–∞–º–∞–Ω",pos
Rang tez o√îchib ketdi.,neg
–ö–ª–∞—Å—Å–Ω—ã–µ –ª–µ–≥–∫–∏–µ –∫–∞—á–µ—Å—Ç–≤–∞ —Å—É–ø–µ—Ä,pos
Tavsifda yozilganiga umuman mos kelmaydi.,neg
"–Ø –¥–æ–≤–æ–ª–µ–Ω –ø–æ–∫—É–ø–∫–æ–π, –æ—Å–æ–±–µ–Ω–Ω–æ –∑–∞ —Ç–∞–∫—É—é —Ü–µ–Ω—É.",pos
—Ç–∞–≤—Å–∏—è –∫–∏–ª–∞–º–∞–Ω,pos
sifati yahshi oyoda chiroyli turarkan lekin razmer razmerga tushmas ekan 2 razmer kichkinasidan olishilarni maslahat beraman,pos
qorqmay olaverilar,pos
10kundan buyon ishlatayapman. Kamchilik sezmayapman.,pos
uzum market xodimlariga raxmat va uzum marketga raxmat,pos
tavsiya beraman,pos
qizimdan ko ªra o ªzimga ko ªproq yoqdiüòÖ,pos
manga yoqdi tavsiya qilaman rahmat kotta,pos
"–°–ø–∞—Å–∏–±–æ –æ—á–µ–Ω—å –∫—Ä—É—Ç–æ–µ, —Ä–µ–±–µ–Ω–∫—É –æ—á–µ–Ω—å –ø–æ–Ω—Ä–∞–≤–∏–ª–æ—Å—å)",pos
–Ø–ù–ì–ò “≥–∞–º–º–∞ –Ω–∞—Ä—Å–∞—Å–∏ –±–æ—Ä —Ö—É–∂–∂–∞—Ç–∏–¥–∞–Ω –±–æ—à“õ–∞ —Ö—É–∂–∂–∞—Ç–∏–Ω–∏ “≥–∞–º –±–µ—Ä–∏—à –∫–µ—Ä–∞–∫ —ç–¥–∏–∫—É,pos
–∑—É—Ä –∏—à–ª–∞—à–∏ —Å—É–≤–ª–∞ –º—É–∑–ª–∞–± –∫–æ–≤–∞—Ç–∏.,pos
–º–æ–∂–µ—Ç–µ –∑–∞–∫–∞–∑—ã–≤–∞—Ç—å,pos
–ü–æ–¥—Å–∫–∞–∂–∏—Ç–µ –≥–¥–µ –æ—Ñ–æ—Ä–º–∏—Ç—å –≥–∞—Ä–∞–Ω—Ç–∏–π–Ω—ã–π —Ç–∞–ª–æ–Ω,pos
Qizib ketib o√îchadi.,neg
voshee zor daxshat kitob romantichni o ªqiganda maza qib o ªqiydigan kitob lyuboy odamga yoqadi manga vopshe yiqtii ü©µü´∂,pos
Bolalar xursand 4-5-6yowli bolajonlar qo ªliga loyiq ekan,pos
_____ _______ _____ __________ _________. ____ _____ _______ ______ ________ ___________. ______ _________ ______. _____ _____ ________. ___ ___ _________ ___ _______ ____. ____ _______ ________ _________,neg
Tavsifda yozilgan funksiyalarning yarmi yo√îq.,neg
"–ú–∞–Ω–≥–∞ –π–æ–∫–¥–∏ , –∂—É–¥–∞ —á–∏—Ä–æ–π–ª–∏ –≤–∞ —Å–∏—Ñ–∞—Ç–ª–∏ –Ω–∞—Ä—Ö–∏—è–º –∂—É–¥–∞ –∞—Ä–∑–æ–Ω",pos
yaxw,pos
–∫—É–ø–∏–ª–∞ —Å—ã–Ω—É –ø–æ–Ω—Ä–∞–≤–∏–ª–æ—Å—åüëç,pos
Ko√îrsatkichlari noto√îg√îri ishlaydi.,neg
o‚Äòz shlangi ham bor va tokini yig‚Äòib qo‚Äòysa bo‚Äòlarkan zo‚Äòr,pos
"Umuman yoqmadi. Rasmda ko√îrsatilgani bilan kelgan mahsulotning farqi juda katta. Sifati past, plastik hid keladi, ishlatishga ham qo√îrqasan.",neg
Yaxshi ekan,pos
Juda qulay va bejirim turarkan oyoqda. Tavsiya etaman,pos
Yaxshi kitob hech bo'lmaganda 3 4 oyda qaytam va qayta o'qishga arziydi !,pos
uzum market arzon va tez ishonchli ekan ayniqsa pasport so'ramaydi shu zo'r,pos
tavsya qlaman zor ishlidi zaratkasyam ancaga yetadüíó,pos
Manga yoqdi 2xil razmer urudim yaxshiyam bittasini obtatna qaytardim,pos
Juda katta umidsizlik.,neg
juda xursad bo'ldi o'g'lim raxmat,pos
Birak chiqdi qaytarish ilojisi bormi?,neg
rahmat juda ham zor chiqdi ishlatishni tavsiya qilaman,pos
yaxshi kitob endi boshladim oqishni raxmat juda toza kelgan oz vaqtida etkazildi,pos
"skro'mniy, menga yoqdi",pos
juda ajoyib sovg'a uchun,pos
Tavsiya qilaman hammaga,pos
ikkilanib buyurtma qilgandim juda qulay ekan uzumga rahmat changyutgichim avalon mos keldi,pos
Menga juda yoqdi ko ªrinishi zo ªr ishlashi ham a'lo.Uzum Marketga raxmat,pos
Zur,pos
–ê—Å—Å–∞–ª–æ–º—É –∞–ª–µ–π–∫—É–º –£–∑—É–º –∂–∞–º–æ–∞—Å–∏ –≤–∞ —Å–æ—Ç—É–≤—á–∏–ª–∞—Ä–∏–≥–∞ –†–∞—Ö–º–∞—Ç! –¢–∞–≤—Å–∏—è –∫–∏–ª–∞–º–∞–Ω,pos
"Qadoqlash sifatsiz, himoyasiz.",neg
zor kitob,pos
O ªylanmasdan bemalol harid qilishingiz mumkin,pos
"Kutilganidek emas, afsus.",neg
yaxshi ekan lekin man qora qiludim yashil kepti,pos
"–∫–∞—á–µ—Å—Ç–≤–æ —Ç–æ–≤–∞—Ä–∞ —É–∑–Ω–∞–µ–º –∫–æ–≥–¥–∞ –±—É–¥–µ–º –æ–¥–µ–≤–∞—Ç—å, –Ω–æ —Å –≤–∏–¥—É –ø–æ–¥–æ—à–≤–∞ –æ—á–µ–Ω—å –ø—Ä–æ—á–Ω–∞—è –∫–∞–∂–µ—Ç—Å—è",pos
"Shovqini o‚Äòrtacha, ishlatish qulay. HEPA filtr havo sifatini sezilarli yaxshilaydi.",pos
Juda noqulay.,neg
Juda sifatsiz yig√îilgan.,neg
menga boƒ£laning iltimos tel 990352402,pos
–Ø –∑–∞–∫–∞–∑—ã–≤–∞–ª —á—ë—Ä–Ω—ã–π —Ç–µ—Ç—Ä–∏—Å–∞ –º–Ω–µ –æ—Ç–ø—Ä–∞–≤–∏–ª–∏ –∫—Ä–∞—Å–Ω—ã–µ,pos
Juda yoqdi manga ovoziyam baln tinu ichidan hamma narsasi bilan chiqarkan vawe supar narxiga zor lkn bundanam qimmatka arzidi atak,pos
"–Ω–∞—Å–∞–¥–∫–∞ –∏–¥–µ–∞–ª—å–Ω–æ –ø–æ–¥–æ—à–ª–∞ –∫ –ø—ã–ª–µ—Å–æ—Å—É,–∂–µ–Ω–∞ –¥–æ–≤–æ–ª—å–Ω–∞, —Å–ø–∞—Å–∏–±–æ",pos
–º–Ω–µ –ø–æ–Ω—Ä–∞–≤–∏–ª–∞—Å—å —Å–ø–∞—Å–∏–±–æ —É–∑—É–º —ç—Ç–æ –ø–æ–º–∞–≥–∞–µ—Ç –º–∞—Ç–æ—Ä–Ω–æ–º—É —Ä–∞–∑–≤–∏—Ç–∏—é –º–æ–µ–π –≤–Ω—É—á–∫–∏,pos
üëçüëçüëç,pos
tavsiya qilaman arzon qulaygina tezgina hammaga rahmaaaattt kattakon üíã,pos
—É–∑—É–º–≥–∞ —Ä–∞—Ö–º–∞—Ç –∞–∫—É—Ä–∞—Ç–Ω–∏–π –∫–∏–ª–∏–± –æ–ª–∏–± –∫–µ–ª–∏—à–¥–∏,pos
"Ishlashida doimiy uzilishlar bor, ishonib bo√îlmaydi.",neg
puliga arziydi,pos
kitob zor ekan menga yoqdi tez keldi sifatli asosiysi arzon,pos
—É–∑—É–º–≥–∞ –†–∞—Ö–º–µ—Ç. –ö–∞—Ä–∞–∫–∞–ª–ø–∞–∫—Å—Ç–∞–Ω–Ω—ã–Ω –ö–∞—Ä–∞–æ–∑–µ–∫ —Ä–∞–π–æ–Ω–Ω—ã–Ω–∞ 3 –∫—É–Ω–¥–µ –∂–µ—Ç–∫–µ—Ä–¥–∏,pos
–ß–µ—Ç–∫–æ,pos
–•–æ—Ä–æ—à–∞—è,pos
"–ú–∞–Ω–≥–∞ –π–æ–∫–¥–∏ , –∂—É–¥–∞ —á–∏—Ä–æ–π–ª–∏ –≤–∞ —Å–∏—Ñ–∞—Ç–ª–∏ –Ω–∞—Ä—Ö–∏—è–º –∂—É–¥–∞ –∞—Ä–∑–æ–Ω",pos
—Å–æ–≤–µ—Ç—É—é –≤—Å–µ–º,pos
Qayta yoqilmay qoldi.,neg
yaxshi ishlirkan,pos
Mahsulot ichida kop sovg‚Äôalar ham keldi bu uchun alohida raxmat Airpods pro i  zaryadck kabel 2 ta i chexol raxmat hammasi uchun‚úäüèªü§ùüèª,pos
Hammaga tavsiya beraman soat juda ham sifatli,pos
qizimizga juda yoqti oynab otiribdi hammaga tavsiya qilaman uzumga va sotuvciga rahmat,pos
"–Ø—Ö—à–∏ —Ç–µ–ª–µ—Ñ–æ–Ω —ç–∫–∞–Ω, –æ—á–∏–ª–º–∞–≥–∞–Ω –∫–∞—Ä–æ–ø–∫–∞–¥–∞ –∫–µ–ª–¥–∏",pos
—Ä–µ–∫–æ–º–µ–Ω–¥—É—é –∫ –ø–æ–∫—É–ø–∫–µ.,pos
zur,pos
–ó–æ—Ä —Ä–∞—Ö–º–∞—Ç—á–∞–ª–∞—Ä,pos
"Hidi bor, bosh og√îritadi.",neg
uzum marketga rahmat,pos
—Å—Ä–æ–∫–ª–∞—Ä–∏ —Ö–∞–º –∂–æ–π–∏ —Å–∏—Ñ–∞—Ç–∏ —Ö–∞–º –∞–ª–æ –¥–∞—Ä–∞–∂–∞–¥–∞ü•∞,pos
sovgaga bosa olilar qutilari bn akuratniy,pos
hohlaganimdek ekan,pos
olilar,pos
yahwi ekan manga yoqti.,pos
juda ajoyip yahwi iwlayapdi plisosimga togri keldi asosiysi,pos
Ishlash tezligi past.,neg
olishizni tavsiya qilaman hamyonbop azron. Uzumda arzonü§ó,pos
"Zaryadi juda tez tugaydi, 20√ê30 daqiqadan keyin o√îchib qoladi.",neg
–ü–æ—Ä–∞–¥–æ–≤–∞–ª–æ —á—Ç–æ —Å—Ä–æ–∫ –æ—á–µ–Ω—å –¥–∞–∂–µ —Ö–æ—Ä–æ—à–∏–π,pos
Gilamda ham tuk qolmadi.,pos
–£–¥–æ–±–Ω–æ –∏ –ø—Ä–∞–∫—Ç–∏—á–Ω–æ,pos
tavsiya qilaman,pos
barcha tavarlarimni oldim sifat puliga yarasha.....,pos
"–í—Å–µ –æ—Ç–ª–∏—á–Ω–æ, –æ—á–µ–Ω—å –∫–∞—á–µ—Å—Ç–≤–µ–Ω–Ω—ã–µ —á–∞—Å—ã , —Å–ø–∞—Å–∏–±–æ –±–æ–ª—å—à–æ–µ",pos
bilmadim boya olib keldik endi ishlatib ko ªramiz. Tanishimiz tavsiya qilgandi zo ªr deb oldik. juda chiroyli va yengilgina,pos
raqamlari qora ranglisidan zakaz bergandm oq rangda keldi,pos
Uylaganimdek chiqti,pos
"–ì—Ä–µ—á–∫–∞ —Å—É–ø–µ—Ä, –≤—Å–µ–≥–¥–∞ –±–µ—Ä—É, –∞ –≤ —ç—Ç–æ—Ç —Ä–∞–∑ —Ü–µ–Ω–∞ –æ–±—Ä–∞–¥–æ–≤–∞–ª–∞, –µ—Å–ª–∏ —Ç–∞–∫-–∂–µ –±—É–¥–µ—Ç –ø–æ–¥–µ—à–µ–≤–ª–µ, –±—É–¥–µ–º –ø–æ–∫—É–ø–∞—Ç—å –µ—â—ë",pos
–ü—ã–ª—å —Å–æ–±–∏—Ä–∞–µ—Ç –æ—Ç–ª–∏—á–Ω–æ.,pos
–¢–∞–≤—Å–∏—è –∫–∏–ª–∞–º–∞–Ω,pos
–ø–æ–¥–æ—à–ª–æ –∫–∞—á–µ—Å—Ç–≤–æ —Ö–æ—Ä–æ—à–µ–µ —Å–ø–∞—Å–∏–±–æ –±–æ–ª—å—à–æ–µ,pos
ishlashi zor moshni yuvoti bolani kiyimlarini va kotta sochiƒùlaniyam,pos
kasha 2 safardan beri kechikib kelyapti.Iltimos etiborli bo‚Äòlinglar,pos
sifati yaxwi xam chiroyli skromniy,pos
–∑–∞–ø–∞—Ö–∞ –Ω–µ—Ç. –ø–æ—Å–ª–µ –∏—Å–ø–æ–ª—å–∑–æ–≤–∞–Ω–∏–µ –∫–æ–∂–µ –ø—Ä–∏—è—Ç–Ω–æ,pos
–∫–ª–∞—Å—Å,pos
juda tez yetkazib beril,pos
Detallari yetishmaydi.,neg
"–ú–∞—à–∏–Ω–∫–∞ –æ—Ç–ª–∏—á–Ω–∞—è –Ω–∞ 6 –∫–≥ –±—Ä–∞–ª–∏ , —Ö–æ—Ä–æ—à–æ –≤–ø–∏—Å–∞–ª–∞—Å—å –ø–æ —Ü–≤–µ—Ç—É , –æ—Ç–ª–∏—á–Ω–æ —Ä–∞–±–æ—Ç–∞–µ—Ç. —Ä–µ–∫–æ–º–µ–Ω–¥—É—é. –ë–æ–ª—å—à–æ–µ —Å–ø–∞—Å–∏–±–æ –ø—Ä–æ–¥–∞–≤—Ü—É!!!",pos
–ö—É–ø–ª–µ–Ω –≤ –ø–æ–¥–∞—Ä–æ–∫ –±–∞–±—É–ª–µ. –î–ª—è –º–µ–ª–∫–æ–π —Å—Ç–∏—Ä–∫–∏,pos
Sifati zo'r Menga yoqdi Tafsiya qilaman‚ù§Ô∏è‚Äçüî•,pos
Tavsiya qilaman,pos
IMEI dan otgan xammaga tavsiya beraman olila rangi juda yoqdi,pos
"Qizimga juda yoqdi.
Eng yaxshi tokoni xavfsiz o ªyinchoq.",pos
olishmi tafsiya qilaman,pos
zo ªr sotib oling va hamyonbob va zo ªr suradi‚ù§Ô∏è,pos
tafsiya beraman,pos
razmeri togri keldi tortiishi ham zor raxmat yoqti ishilarga omad,pos
Tavsiya qilaman,pos
sifatli oyoq kiyim judayam yoqdi,pos
–æ—á–µ–Ω—å —Ö–æ—Ä–æ—à–∞—è —â–µ—Ç–∫–∞,pos
"–º–∞—à–∏–Ω–∫—É –¥–æ—Å—Ç–∞–≤–∏–ª–∏ –±—ã—Å—Ç—Ä–æ, –¥–∞–∂–µ –ø–æ–¥–Ω—è–ª–∏ –Ω–∞ 4 —ç—Ç–∞–∂, –Ω–æ –Ω–µ—Ç –≥–∞—Ä–∞–Ω—Ç–∏–π–Ω–æ–≥–æ —Ç–∞–ª–æ–Ω–∞",pos
–ú–∞—Ö—Å—É–ª–æ—Ç –ø—É–ª–∏ —è—Ä–∞—à–∞ —ç–∫–∞–Ω,neg
"Juda arzon ko√îrinadi, sifati nol.",neg
–æ—á–µ–Ω—å –ø–æ–Ω—Ä–∞–≤–∏–ª–æ—Å—å –º–∞–ª—ã—à—É —Å–æ–≤–µ—Ç—É—é –∫—É–ø–∏—Ç—å,pos
sotib olishni tavsiya qilaman.,pos
Insof bersin shunaqa brak narsa sotganlaringga halollab olinglar pulilarni,neg
bunaqa emasda arzon deb sifatsiz mahsulotni sotib nima keragi bor. men bugun ertalab ishga birinchi marta kiyib keldim olganimdan 3 kun buldi. lekin xozir kuzim tushib qoldi iplari uzilib bilmadim bu nechchi marta kiyishga yaraydi 149.000 biz uchun katta pul,neg
Teshiklari noto√îg√îri joylashgan.,neg
—Ä–∞–±–æ—Ç–∞–µ—Ç –±–µ–∑ –∑–∞–≤–∏—Å–∞–Ω–∏—è –æ–¥–æ–±—Ä—è—é,pos
Kundalik foydalanish uchun juda mos.,pos
opkelish Kerner yoqmad kechas opkeld tongilab gapird bzaga,pos
bizga yoqdi maslahat beraman,pos
aynan shu g ªijduvondagi uzumda buyurma topshiruvchilani umuman muomilasi yoooq,pos
–≤–∞–±—à–µ.  –±–æ–º–±–∞.  –Ω–æ—É—Ç.  –∫—Ä—É—Ç–∞,pos
–ü—É–ª–∏–≥–∞ —è—Ä–∞—à–∞. –∂–æ–π–ª–∞—à—Ç–∏—Ä–∏—à–¥–∞ —Å–∞–ª –∂–æ–π–∏–¥–∞–Ω —á–∏–∫–∏–± –∫–µ—Ç–æ–ø—Ç–∏. –ª–µ–∫–∏–Ω –Ω–æ—Ä–º. –ø—É–ª–∏–≥–∞ –∞—Ä–∑–∏–π–¥–∏,pos
tavsya qlaman zor ishlidi zaratkasyam ancaga yetadüíó,pos
"man hamisha uzum marketdan sotib olaman 
Hodimlarga katta rahmat Alloh rozi b√≤lsin",pos
Navushnik zakaz qilgandim oldim zakazimni uyga kelib ochib qarasam katta tayepsi navushnik ekan.Shuni endi qaytarib yuborolamanmi?,pos
sifatli,pos
juddayam zur bozordan arzon naxr sifatiga gap yoqq,pos
"–∞—Å—Å–∞–ª–æ–º—É –∞–ª–µ–∫—É–º –º–∞—à–∏–Ω–∫–∞ —è—Ö—à–∏ —ë–∫–¥–∏—á–∏—Ä–æ–π–ª–∏ —É–ø–∞–∫–æ–≤–∫–∞ –¥–∞ –∫–µ–ª–¥–∏.—Å–∞–≤–æ–ª–∏–º –±–æ—Ä–∏–¥–∏ –∏—à–ª–∞–± —Ç—É—Ä–∏–± Ei —á–∏–∫–∏–± –∫–æ–ª—è–ø—Ç–∏ 2,3–º–∏–Ω—É—Ç –∞–π–ª–∞–Ω–∏–± —à—É–Ω–≥–∞ –ù–∏–º–∞ –∫–∏–ª–∞–º–∞–Ω",pos
–ø–æ—Å–æ–≤–µ—Ç–æ–≤–∞–ª–∞ –ø–æ–¥—Ä—É–≥–µ –æ–Ω–∞ —Ç–æ–∂–µ –≤ –≤–æ—Å—Ç–æ—Ä–≥–µ,pos
"—Å–ø–∞—Å–∏–±–æ –£–∑—É–º ü•∞ 
–∫–∏—Ç–æ–± —á–∏–∫–∞—Ä–∏—à —É—á—É–Ω –æ–ª–¥–∏–º –∫–æ–∑–Ω–∏ –æ–≥—Ä–∏—Ç–º–∏–¥–∏ —Ä–∞–Ω–≥–∏",pos
"Juda kichkina ekan, tavsifda ancha katta deb yozilgan. Shunaqa aldamchilik bo√îlishini kutmagandim.",neg
“õ—ã–∑—ã–º –∂–∞“õ—Å—ã –∫”©—Ä–∏–ø –æ–π–Ω–∞–ø –∂—É—Ä —Ä–∞—Ö–º–µ—Ç –∞–ª—Å–∞ –∞—Ä–∑—ã–π—Ç—ã–Ω –æ–π—ã–Ω—à—ã“õ,pos
"Yetkazilganda qutisi ezilib kelgan, ichidagi mahsulot ham shikastlangan.",neg
tavsiya qilamanü´∂üèª,pos
"Materiali juda qattiq, ishlatishda noqulay.",neg
zor ekan keyingi safar yana olaman nasib bosa,pos
raqamlari qora ranglisidan zakaz bergandm oq rangda keldi,pos
zor chiqdi tortishiyam zor sifatiyam tavsiya qilaman,pos
olishni tavsiya qilaman,pos
"Yaxshi narsa albatta bir marta ishlatganman o'z-o'zidan nozul sinib ketgan, narxini oqlamaydi, bo'yog'i so'nib ketadi.",neg
tavsiya beraman,pos
"–∂—É–¥–∞ —è—Ö—à–∏, —Ç–∞–≤—Å–∏—è –∫–∏–ª–∞–º–∞–Ω",pos
sifatli‚ù§Ô∏è,pos
–ö–∞—á–µ—Å—Ç–≤–æ —Ö–æ—Ä–æ—à–∞—è –±–ª–∞–≥–æ–¥–∞—Ä—é ‚ò∫Ô∏è,pos
Raxmat,pos
"Tugmalari yaxshi bosilmaydi, ba√ïzilari umuman ishlamaydi. Foydalanish juda noqulay.",neg
qizimga yoqdi tavsiya qilaman,pos
Raxmat uzum market sotuvchilariga,pos
–°—É–ø–µ—Ä –∫–∞—á–µ—Å—Ç–≤–æ —Å–ø–∞—Å–∏–±–æ –£–∑—É–º –ú–∞—Ä–∫–µ—Ç.,pos
hamma tavsiya qilaman,pos
Bir haftada tashqi ko√îrinishi ham yomonlashdi.,neg
judayam zor huddi rasmdagidek,pos
qizim juda xursand bo ªldi,pos
–°–æ–≤–µ—Ç—É—é –≤—Å–µ–º,pos
–º–∞–Ω–≥–∞ –µ–∫–¥–∏ —É–∑—É–º–≥–∞ —Ä–∞—Ö–º–∞—Ç,pos
Tok urarkan lkn tortishi yaxshi ekan,neg
"–°–æ—Ç—É–≤—á–∏–≥–∞ “≥–∞–º, —É–∑—É–º–≥–∞ –∫–∞—Ç—Ç–∞ —Ä–∞—Ö–º–∞—Ç",pos
tafsiya qlaman olila narxlari arzon ekan,pos
Puliga yarasha,pos
"Yetkazib berish juda kech bo√îldi, ustiga ustak noto√îg√îri mahsulot yuborilgan.",neg
tapsya qlaman,pos
Sifatli,pos
"Umuman tavsiya qilmayman, sifati juda past.",neg
Qisqa vaqt ichida ranglari o√îchib ketdi.,neg
hammaga tavsiya qilaman,pos
gap yuq ishlashi juda yaxshi oylaginimdan xa zor chiqdi uzumga rahmat,pos
Yana bu sotuvchidan hech narsa olmayman.,neg
Ishlamaydi.,neg
yana shunaqa mahsulotlar chiqarilar,pos
Rasmdagidek keldi.Uzum marketga rahmat.,pos
–æ—á–µ–Ω—å –∫—Ä–∞—Å–∏–≤–∞—è –∏ –∫–ª–∞—Å—Å–Ω–∞—è,pos
"Ko√îrsatmalar yo√îq, internetdan qidirib zo√îrg√îa sozladim, baribir ishlamadi.",neg
–º–∞—à–∏–Ω–∫–∞ —Ö–æ—Ä–æ—à–∞—è –Ω–∞–º –Ω—Ä–∞–≤–∏—Ç—Å—è,pos
"—Å–ø–∞—Å–∏–±–æ –ø—Ä–æ–¥–∞–≤—Ü—É —Ç–æ–≤–∞—Ä –±—ã–ª —É–ø–∞–∫–æ–≤–∞–Ω –∞–∫–∫—É—Ä–∞—Ç–Ω–æ, —Ä–µ–±–µ–Ω–æ–∫ –∏–≥—Ä–∞–µ—Ç –Ω–∞–º –æ—á–µ–Ω—å –≤—Å–µ –ø–æ–Ω—Ä–∞–≤–∏–ª–æ—Å—å –∏ –∑–∞ –ø–æ–¥–∞—Ä–æ—á–µ–∫ —Å–ø–∞—Å–∏–±–æ",pos
"–ü—è—Ç—å –º–∏–Ω—É—Ç –ø–æ–ª–µ—Ç –Ω–æ—Ä–º–∞–ª—å–Ω—ã–π!! 
–û—á–µ–Ω—å –ø–æ–Ω—Ä–∞–≤–∏–ª–∞—Å—å. –ü–æ–¥–∫–ª—é—á–∏–ª,, –ø—Ä–æ—Ç–µ—Å—Ç–∏–ª –Ω–∞ ""–±—ã—Å—Ç—Ä–æ–π —Å—Ç—Ä–∏—Ä–∫–µ""üëç üëç üëç –í—Å—ë –æ—Ç–ª–∏—á–Ω–æ! –î–∞–ª—å—à–µ –ø–æ–∫–∞–∂–µ—Ç –≤—Ä–µ–º—è. –†–µ–∫–æ–º–µ–Ω–¥—É—é",pos
"samsung plisosimga zor tushdi razmer, tavsiya qilaman",pos
Juda shovqin chiqaradi.,neg
üî•üî•üî•üî•üî•üî•üî•üî•üî•üî•,pos
xammasi xozircha zur raxmat,pos
"Ishlash tezligi juda sekin, asabga tegadi.",neg
–°–ø–∞—Å–∏–±–æ –∫–æ–º–∞–Ω–¥–µ –£–∑—É–º,pos
zor ozi pelisosim qopidan musir chiqib ketvotudi yaxshi tavsiya qilaman,pos
–†–∞—Ö–º–∞—Ç —è—Ö—à–∏ –∏—à–ª–∞—Ä–∫–∞–Ω,pos
Har taraflama ma‚Äôqul,pos
menga juda yozdi,pos
Tavsiya qilaman kitobxonlargaü´∞üèª,pos
—É–∑—É–º –º–∞—Ä–∫–µ—Ç–≥–∞ —Ä–∞—Ö–º–∞—Ç –±–∞—Ä—á–∞ –¥—É–∫–æ–Ω–ª–∞—Ä–¥–∞–Ω –∞—Ä–∑–æ–Ω—Ä–æ–∫ —Ç–∞–≤—Å–∏—è –∫–∏–ª–∞–º–∞–Ω,pos
Uzumga rahmat doim shunday arzon narhlarni kutamiz. Kitoblar ancha arzon.,pos
"Zor gap yo lekin 39 aytibman katta keldi 38 ga almashtrgizaman endi. 
Hurmatli sotuvchilar shunaqa stilda oyoq kiyim yana olib kelilar, butun boshli uzum marketdan atiga shuni topdim holos oqi qopti tugapti shuyamü§¶üèª‚Äç‚ôÄÔ∏èüôÅ",pos
Judayam zor keld faqat karopkasi yirtigini etmaganda nu normüòò,pos
menga yoqdi rasimdagi dek keldi,pos
Qismlari bir-biriga mos emas.,neg
–°–µ–≥–æ–¥–Ω—è –∫—É–ø–∏–ª–∞ –¥–æ—á–∫–µ –æ—á–µ–Ω—å —Ä–∞–¥–∞ –≤—Ä–æ–¥–µ –±—ã –Ω–æ—Ä–º–∞–ª—å–Ω—ã–π,pos
"–ï—Å–∫–∏ –Ω–æ–º–µ—Ä–∏–º —Ç—É—à–º–∞–¥–∏, —é—Å–µ–ª —Ç—É—à—Ç–∏ —è–Ω–≥–∏ –Ω–æ–º–µ—Ä –æ–ª–∏—à–≥–∞ —Ç–æ“ì—Ä–∏ –∫–µ–≤–æ—Ç–∏. –ù–µ–≥–∞ —Å–∏–º–∫–∞—Ä—Ç–∞ —Ç–∞–Ω–ª–æ–¥–∏ —Ç–µ–ª–µ—Ñ–æ–Ω?",pos
–≥–ª–∞–≤–Ω–æ–µ –¥–æ—á–µ–Ω—å–∫–∞ –¥–æ–≤–æ–ª—å–Ω–∞,pos
–ñ—É–¥–∞ —è—Ö—à–∏ “≥–æ–ª–∞—Ç–¥–∞ –µ—Ç–∫–∞–∑–∏–± –±–µ—Ä–∏–ª–¥–∏. –†–∞“≥–º–∞—Ç! –ò—à–ª–∞—à–∏ —è—Ö—à–∏.,pos
"Juda yengil, sifatsizligi bilinib turadi.",neg
"–∂—É–¥–∞ —è—Ö—à–∏, –ø—É–ª–∏–≥–∞ –∞—Ä–∑–∏–π–¥–∏, –º–µ–Ω–≥–∞ —ë“õ“õ–∞–Ω–∏ 15 –¥–∞“õ–∏“õ–∞–ª–∏–∫ —Ñ—É–Ω–∫—Ü–∏—è—Å–∏ “≥–∞–º –±–æ—Ä —ç–∫–∞–Ω, –±–∏—Ä –º–∞—Ä—Ç–∞ –±—É–≥—É–Ω–æ–∫ –∏—à–ª–∞—Ç–∏–± –∫—É—Ä–¥–∏–º, —Ö–æ–∑–∏—Ä—á–∞ “≥–∞–º–º–∞—Å–∏ —è—Ö—à–∏, –ª–µ–∫–∏–Ω 3 –∫—É–Ω –∫–µ—á–∏–∫–∏–± –∫–µ–ª–¥–∏",pos
—Å–ø–∞—Å–∏–±–æ —É–∑—É–º –º–∞—Ä–∫–µ—Ç –æ—á–µ–Ω —Ö–æ—Ä–æ—à–∏–π –¥–∏–∑–∞–π üòòüòçüòç,pos
Tovushi yomon.,neg
"–Ø –¥–æ–≤–æ–ª—å–Ω–∞ –ø–æ–∫—É–ø–∫–æ–π, —Å–ø–∞—Å–∏–±–æ –≤–∞–º.",pos
—Ç–µ—Ö–Ω–∏–∫–∞–≥–∞ –≥–∞–ø –π–æ–∫ –∞–π–æ–ª–∏–º –∂—É–¥–∞ —Ö—É—Ä–º–∞–Ω–¥ –±–æ–ª–¥–∏ —Ä–∞—Ö–º–∞—Ç —É–∑—É–º –º–∞—Ä–∫–µ—Ç–≥–∞,pos
Olib oqila hech ikkilanmin eng eng zor kitob bolib qoldi men uchun,pos
"Plastik sifati juda yomon, hid keladi, tez sinib ketdi.",neg
–ñ–∏–≤–æ—Ç–Ω–∞—è —à–µ—Ä—Å—Ç—å —É–±–∏—Ä–∞–µ—Ç—Å—è –±–µ–∑ –ø—Ä–æ–±–ª–µ–º.,pos
"Plastik sifati past, bir oz bosilsa sinib ketadiganga o√îxshaydi.",neg
"—Ä–∞–±–æ—Ç–∞–µ—Ç –Ω–∞ –æ—Ç–ª–∏—á–Ω–æ,—ç–∫–æ–Ω–æ–º–∏—á–Ω–∞,–ø—Ä–∞–∫—Ç–∏—á–Ω–∞ –∏ –ø—Ä–æ—Å—Ç–∞ –≤ –∏—Å–ø–æ–ª—å–∑–æ–≤–∞–Ω–∏–∏...–Ω–µ —à—É–º–∏—Ç,–Ω–µ –¥—Ä–µ–±–µ–∑–∂–∏—Ç... —Ä–∞–±–æ—Ç–∞–µ—Ç –Ω–µ —Ö—É–∂–µ –±—Ä–µ–Ω–¥–æ–≤—ã—Ö, —Å–æ–≤–µ—Ç—É—é",pos
–†–µ–∫–æ–º–µ–Ω–¥—É—é,pos
Sifatiga gap yoq‚ù§Ô∏è,pos
"–ò–≥—Ä–∞ –æ—á–µ–Ω—å –ø–æ–Ω—Ä–∞–≤–∏–ª–∞—Å—å, –∫–∞—á–µ—Å—Ç–≤–æ –ø–ª–∞—Å—Ç–º–∞—Å—Å—ã –Ω–∞ 5+, —à–∞—Ä–∏–∫–∏ —Ç–æ–∂–µ —Ö–æ—Ä–æ—à–æ –ø—Ä–∏–º–∞–≥–Ω–∏—á–∏–≤–∞—é—Ç—Å—è.
20 —à–∞—Ä–∏–∫–æ–≤ –º–∞–ª–æ–≤–∞—Ç–æ –Ω–∞ 4—Ö, –∑–∞–∫–∞–∑–∞–ª–∏ –æ—Ç–¥–µ–ª—å–Ω–æ –µ—â–µ 10.",pos
yahshi,pos
Sifatsiz ekan ob otirmela,neg
juda yoqti yoshm 12 bo‚Äòlsada bu kitob manga juda mativatsiya berdi va 1 kimunda o‚Äòqib tugatdm yani kitobni sotib olgan kunimaoq sizlarga jatta rahmat iltmos soprab qolaman 2 qismi ham chiqsin ü•∞üòäü´†,pos
uzum marketga raxmat,pos
maslahat beraman olila,pos
"Judayam zo ªr keldi,tavsiya qilaman",pos
olishni maslahat beraman,pos
tavsiya qilaman olishni,pos
Bemollol olib ishlatsa bo ªladi yana bitta zakaz qilmoqchiman,pos
–°–ø–∞—Å–∏–±–æ –ø—Ä–æ–¥–∞–≤—Ü—É –∏ –£–∑—É–º,pos
Olishni maslahat beramn,pos
razmeri kichkina keldi bitta katta razmerga almashtirsa bo‚Äòladimi,pos
Juda tez qizib ketadi.,neg
zo ªr sotib oling va hamyonbob va zo ªr suradi‚ù§Ô∏è,pos
zor bunaqasi yoq,pos
–ú–æ–∂–Ω–æ –ª–∏ –ø–æ–º–µ–Ω—è—Ç—å —Ç–æ–≤–∞—Ä?????,neg
zo ªr,pos
"–ú–æ–∂–Ω–æ —É–±–∏—Ä–∞—Ç—å—Å—è, –Ω–µ —Ä–∞–∑–¥—Ä–∞–∂–∞—è –¥–æ–º–∞—à–Ω–∏—Ö.",pos
"Manga rosa yoqdi, podaekagayam olaman zorakan",pos
"zich ekan, man sal qimirlab turadi deb o ªylagandim",pos
juda zur bolajonim ichaklari uchun juda foydali,pos
"Juda beqaror, harakat qilsa yiqilib ketadi.",neg
telefon yaxshi puliga yarasha,pos
Biror foydali tomoni yo√îq.,neg
Birinchi kundanoq nosozlik berdi.,neg
"Ulanmadi, sozlab bo√îlmadi.",neg
Sifati zo‚Äòr ekan faqat bir razmer kichik yurarkan,pos
Juda yomon yig√îilgan.,neg
–†–µ–∫–æ–º–µ–Ω–¥—É—é.,pos
"Umuman foydasi yo√îq, bekorga sotib oldim.",neg
"–ú–∞—à–∏–Ω–∫–∞ –æ—Ç–ª–∏—á–Ω–∞—è –Ω–∞ 6 –∫–≥ –±—Ä–∞–ª–∏ , —Ö–æ—Ä–æ—à–æ –≤–ø–∏—Å–∞–ª–∞—Å—å –ø–æ —Ü–≤–µ—Ç—É , –æ—Ç–ª–∏—á–Ω–æ —Ä–∞–±–æ—Ç–∞–µ—Ç. —Ä–µ–∫–æ–º–µ–Ω–¥—É—é. –ë–æ–ª—å—à–æ–µ —Å–ø–∞—Å–∏–±–æ –ø—Ä–æ–¥–∞–≤—Ü—É!!!",pos
—Ö–∞–º–º–∞–≥–∞ —Ç–∞—Ñ—Å–∏–π–∞ –∫–∏–ª–∞–º–∞–Ω —É–∑–∏–º –º–∞—Ä–∫–µ—Ç–≥–∞ –∑–æ—Ä,pos
"–ø–ª–∞—Å—Ç–∏–∫ –ø–ª–æ—Ç–Ω—ã–π, –≤—Å—ë –≤—ã–≥–ª—è–¥–∏—Ç –Ω–∞–¥—ë–∂–Ω–æ",pos
Juda noqulay va sifatsiz.,neg
Plastmassa sifati juda past.,neg
Ajoyib kitob üíôUzum Marketga rahmat,pos
–í—Å–µ–º —Å–æ–≤–µ—Ç—É—é üëçüëç,pos
"Sifati juda past, nazorat yo√îq.",neg
hammaga tavsiya beraman,pos
"Manga rosa yoqdi, podaekagayam olaman zorakan",pos
"qulay, sport bilan shug'ullanish uchun harid qildim. Razmer bitta kichigini oldim oldingi izohlarga ishongan holda va adashmabman haqiqatdan bir razmer kichik olinishini tavsiya qilaman.",pos
"–í—Å—ë –≤—Ä–æ–¥–µ —Ö–æ—Ä–æ—à–æ,—Å—Ç–∏—Ä–∞–µ—Ç",pos
—Å—É–ø–µ—Ä gap yo‚Äòq ü§©ü§©,pos
sotib olishilani tavsiya qilaman,pos
–í—Å–µ –æ—Ç–ª–∏—á–Ω–æ –ø–æ–¥–æ—à–ª–æ üëçüèºüëçüèº,pos
"–ö–∞—à–∞ –ø–æ–ª—É—á–∏–ª–∞—Å—å –≤–∫—É—Å–Ω–æ–π, –±–µ–∑ –Ω–∏–∫–∞–∫–∏—Ö –ø–æ—Å—Ç–æ—Ä–æ–Ω–Ω–∏—Ö –∑–∞–ø–∞—Ö–æ–≤, –∫—Ä—É–ø–∞  —á–∏—Å—Ç–∞—è, –±–µ–∑ –º—É—Å–æ—Ä–∞.–†–µ–∫–æ–º–µ–Ω–¥—É—é. –°–ø–∞—Å–∏–±–æ –£–∑—É–º—É –∑–∞ –±—ã—Å—Ç—Ä—É—é –¥–æ—Å—Ç–∞–≤–∫—É,–∞ –ø—Ä–æ–¥–∞–≤—Ü–∞–º –∑–∞ —Ç–æ–≤–∞—Ä",pos
–∫–ª–∞—Å—Å–Ω–æ –º–Ω–µ –ø–æ–Ω—Ä–∞–≤–∏–ª–æ—Å—å,pos
sovgaga bosa olilar qutilari bn akuratniy,pos
masslahat beraman,pos
Juda yomon yig√îilgan.,neg
Juda zo ªr menga yoqdi,pos
manga yoqdi tavsiya qilaman rahmat kotta,pos
Qattiq umidsizlik bo√îldi.,neg
"–æ—á–µ–Ω—å –Ω–∞–¥–µ—é—Å—å,—á—Ç–æ –ø—Ä–æ—Å–ª—É–∂–∏—Ç –¥–æ–ª–≥–æ.–ö—É—Ä—å–µ—Ä–∞–º –∏ –£–∑—É–º—É ,–æ—Ç–¥–µ–ª—å–Ω–∞—è –±–ª–∞–≥–æ–¥–∞—Ä–Ω–æ—Å—Ç—å.–í–µ–∂–ª–∏–≤—ã–µ —Ä–µ–±—è—Ç–∞.–î–æ–Ω–µ—Å–ª–∏ –±–µ–∑ –ø—Ä–æ–±–ª–µ–º –¥–æ 5 —ç—Ç–∞–∂–∞.",pos
Juda yomon qadoqlangan.,neg
"menga yoqdi, olishilarni tavsiya qilaman",pos
"Yetkazib berish kechikdi, ustiga ustak qadoq yirtilgan edi.",neg
sotib olishilani tavsiya qilaman,pos
Zo'r olishga arziydigan telefon,pos
"boshqa rang belgilagandm qizil rangi kepti lekin mayli ichida batareykasi b√≤masakan alohida oldik 
lekin yaxwi ishlirkan",pos
"—Ç–∞–∫–æ–π –º–Ω–µ –∏ –Ω—É–∂–µ–Ω –±—ã–ª, —Ö–æ—Ä–æ—à–∏–π,–ø—Ä–∏—à–µ–ª –≤ —Ü–µ–ª–æ—Å—Ç–∏ –∏ —Å–æ—Ö—Ä–∞–Ω–Ω–æ—Å—Ç–∏",pos
GAP YUQ,pos
–û—Ç–ª–∏—á–Ω—ã–π –≤–∞—Ä–∏–∞–Ω—Ç –¥–ª—è –±–æ–ª—å—à–æ–π –∫–≤–∞—Ä—Ç–∏—Ä—ã.,pos
Juda qattiq.,neg
–∞–ª–æ –¥–∞—Ä–∞–∂–∞–¥–∞ –∏—à–ª–∞—à–∏ —è—Ö—à–∏ –∫–æ—Ç–∏–± –∏—à–ª–∞—Å–∞ –∫–µ—Ä–∞–∫ –¥–µ–± —É–π–ª–∞–≥–∞–Ω–¥–∏–º,pos
Top toza qilib yuvdi bolalar kiyimini,pos
yaxshi zo ªr. Uzumga katta Rahmat,pos
"—Ñ–∞–∫–∞—Ç —Ä–∞–∑–º–µ—Ä–ª–∞—Ä–∏–Ω–∏ –æ–ª–∏–ª–∞—Ä,—Ä–∞–∑–º–µ—Ä–≥–∞ —Ç—É—à–∞–¥–∏ üî•üî•üî•",pos
"–®–µ—Ä—Å—Ç—å —Å–æ–±–∏—Ä–∞–µ—Ç –±–µ–∑ –ø—Ä–æ–±–ª–µ–º, –º–æ—â–Ω–æ—Å—Ç—å —á–µ—Å—Ç–Ω–∞—è. –§–∏–ª—å—Ç—Ä –Ω–µ –∑–∞–±–∏–≤–∞–µ—Ç—Å—è —Å—Ä–∞–∑—É, —Ö–≤–∞—Ç–∞–µ—Ç –Ω–∞–¥–æ–ª–≥–æ.",pos
Tavsiya qilaman padarkaga ham uyaltirmeydi,pos
Materiali juda qo√îpol.,neg
boshqa buyurtma berganlarga sovƒüasi bilan kelgan menga faqat krasovka keldi,pos
Sotuvchi muomilasi yoqmadi 0,pos
–ø—É–ª–∏ –ö–∞—Ä–∞–≥–∞–Ω–¥–∞ —Å–∏—Ñ–∞—Ç–ª–∏  –π–æ–∫–¥–∏ –±–∏–∑–≥–∞,pos
ü§ùü§ùü§ù,pos
Kachestvasiga gap yuq huddi rasmdegiday,pos
shart emas,pos
—Å—ã–Ω—É –æ—á–µ–Ω—å –ø–æ–Ω—Ä–∞–≤–∏–ª–æ—Å—å.  –ö–ª–∞—Å—Å–Ω—ã–π –±–ª–∞—Å—Ç–µ—Ä! –°–ø–∞—Å–∏–±–æ –ø—Ä–æ–¥–∞–≤—Ü–∞–º.,pos
Ishlash sifati nol.,neg
Xullas arzon  xamyonbop sifatli maxsulot. Changyutgich qidirayotgan bekajonlar maslaxat berardim ushbu changyutgichni xarid qilishingizni,pos
–ù–µ –¥–æ—Ä–æ–≥–æ –∏ –∫–∞—á–µ—Å—Ç–≤–µ–Ω–Ω–æ ü´∂,pos
tafsiyaetaman,pos
–Ø –æ—á–µ–Ω—å —Ä–∞–¥–∞ –º–Ω–µ –æ—á–µ–Ω—å –Ω—Ä–∞–≤–∏—Ç—Å—è –æ–≥—Ä–æ–º–Ω–æ–µ —Å–ø–∞—Å–∏–±–æ,pos
yaxshi ishlatyapman kutganimdek keldi,pos
"Qizib ketadi, xavfli.",neg
Yig√îilishi juda yomon.,neg
Bekorga kutdim.,neg
oliwni tavsiya kilaman. sifatiga gap yuu,pos
yaxshi juda zo ªr menga yoqdi,pos
—Ö–æ—Ä–æ—à–∞—è –¥–µ—Ç—Å–∫–∞—è —Å–º–µ—Å—å.–°–ø–∞—Å–∏–±–æ –∑–∞ –±—ã—Å—Ç—Ä—É—é –¥–æ—Å—Ç–∞–≤–∫—É,pos
"Ishonchsiz brend, boshqa olmayman.",neg
–º–∞—Å–ª–∞—Ö–∞—Ç –±–∏—Ä–∞–º–∞–Ω,pos
–æ–ª–∏–ª–∞—Ä —Ñ–∞—Ä–∑–∞–Ω–¥–∏–ª–∞—Ä —Ö—É—Ä—Å–∞–Ω–¥ –±—É–ª–∞–¥–∏ –º–∞–∑–∑–∞ –∫–∏–ª–∏—à–∞–¥–∏. —Å–∏—Ñ–∞—Ç–∏–≥–∞ –ì–∞–ø –π—É–∫,pos
yaxshi holatda keldi. zo‚Äòr,pos
Juda sekin yetib keldi.,neg
barcha tavarlarimni oldim sifat puliga yarasha.....,pos
Sifatli keldi juda yaxshi holatda rahmat‚ù§Ô∏è,pos
Ishonchli narxiga arzidigan telefon,pos
Ishlatish jarayoni juda noqulay.,neg
Juda sifatli. uzumga va magazinga va yuk tashuvchilarga raxmat. zor,pos
–ú–∞—Ö—Å—É–ª–æ—Ç –ø—É–ª–∏ —è—Ä–∞—à–∞ —ç–∫–∞–Ω,neg
dce yozuv nima uchun chiqyapti,neg
Juda beqaror turadi.,neg
Tavsiya qilaman juda chiroyli Lenovo Notbook,pos
–•–æ—Ä–æ—à–æ —Ä–∞–±–æ—Ç–∞–µ—Ç,pos
xammaga tafsiya qilaman o'ylanmasdan olishlaringiz bo'ladi,pos
haqiiy arginal bulutus ekan soxta yoki tufta emas ekan olganimga 3 kun buldi hali ham zaryadi ulgani yu telfon kelganda gaplashishga ham judayam qulay ekan üòò,pos
raxmat. butun yetib keldi. menga yoqdi,pos
Juda tez buziladi.,neg
—Å–ø–∞—Å–∏–±–æ —É–∑—É–º –º–∞—Ä–∫–µ—Ç –æ—á–µ–Ω —Ö–æ—Ä–æ—à–∏–π –¥–∏–∑–∞–π üòòüòçüòç,pos
hursandmiz narhi hamyonbop,pos
"–°–ø–∞—Å–∏–±–æ –ø—Ä–æ–¥–∞–≤—Ü—É –∏ –£–∑—É–º—á–∏–∫—É —Ç–æ–∂–µ, —Ç–æ—á—å –≤ —Ç–æ—á—å –∫–∞–∫ –≤ –∫–∞—Ä—Ç–∏–Ω–∫–µ —É–ø–∞–∫–æ–≤–æ—á–∫–∞‚ô•Ô∏è‚ô•Ô∏è‚ô•Ô∏èüëçüëçüëç",pos
tafsiya qilaman boshqalarha,pos
Bir haftada butunlay ishdan chiqdi.,neg
"–¥–æ—Å—Ç–∞–≤–∏–ª–∏ –≤–æ –≤—Ä–µ–º—è,–ø—Ä–æ–≤–µ—Ä–∏–ª–∏,–≤—Ä–æ–¥–µ —Ä–∞–±–æ—Ç–∞–µ—Ç,–ø–æ–∫–∞ –Ω–µ –ø—ã–ª–µ—Å–æ—Å–∏—Ç—å.–ø–æ—á–µ–º—É—Ç–æ—Ü–µ–Ω–∞ –ø–æ–ª—É—á–∏–ª–∞—Å—å –Ω–∞ 15 —Ç—ã—Å. –±–æ–ª—å—à–µ",pos
–£–¥–æ–±–Ω–æ –∏ –ø—Ä–∞–∫—Ç–∏—á–Ω–æ,pos
–∫—Ä–∞—Å–æ–≤–∫–∏ –ø–æ–Ω—Ä–∞–≤–∏–ª–æ—Å—å –Ω–µ –∂–º—É—Ç –Ω–æ–≥–∏ –∏ –æ—á–µ–Ω—å —É–¥–æ–±–Ω—ã–µ,pos
judayam zur,pos
60mingga qimmat bu kichkina kitob,pos
"Bir marta ishlatdim, keyin butunlay ishdan chiqdi. Umuman ishonchsiz mahsulot.",neg
kamchilik yuq,pos
Sifati bomba,pos
Tavsifga ishonib xato qildim.,neg
Uzum marketga rahmat tezda va muammosiz yetib keldi,pos
–≤ –ø—Ä–æ—Ü–µ—Å—Å–µ —ç–∫—Å–ø–ª—É–∞—Ç–∞—Ü–∏–∏ –¥–æ–±–∞–≤–∏–º —É—Ç–æ—á–Ω–µ–Ω–∏–π,pos
–ü–æ–ª–Ω—ã–π –≤–æ—Å—Ç–æ—Ä–≥! –û—Ç–Ω—ã–Ω–µ —Ç–æ–ª—å–∫–æ —Ç–∞–∫—É—é –±—É–¥—É –∏—Å–ø–æ–ª—å–∑–æ–≤–∞—Ç—å! –°–ø–∞—Å–∏–±–æ –æ–≥—Ä–æ–º–Ω–æ–µ!,pos
yoq yoqmadi juda kichkina ekan tepasi ishlap pasti ishlamas ekan,neg
zor vapshe telefonda gaplashsa ovozlari tiniq raxmat,pos
"Qadoqlanishi juda yomon, himoyasiz kelgan. Natijada mahsulot shikastlangan, burchagi singan edi.",neg
manga yoqdi tavsiya qilaman rahmat kotta,pos
Juda yaxshi,pos
judayam zur tavsiya beraman,pos
miyani charxlaydi 2 3 yosh bolalar uchun mos Zo ºr,pos
"Materiali juda yupqa, tez yirtilib ketdi.",neg
o'ylab ko'ring kerak bo'lsa oling ....,pos
Manga juda yoqdi sizlarga ham tavsiya beraman Rosa tasirli kitob,pos
sovg‚Äòasi zo‚Äòr ekan,pos
"kutganimdanham alo chiqdi, narxi va sifat zo'r",pos
O'zini puliga arzidi.Olishni maslahat beraman,pos
Juda arzon ko√îrinadi.,neg
"Umuman ishlamadi, zaryad olmaydi, brakka o√îxshaydi.",neg
boshqalarga ham tavsiya etaman,pos
—Å–ø–∞—Å–∏–±–æ –∑–∞ —Ö–æ—Ä–æ—à–∏–π —Ç–æ–≤–∞—Ä,pos
Puliga arzimedi sifat 0 juda sifatsiz olishni tavsiya bermiman,neg
artel uchun bemalol tushdi yahshi ekan,pos
–±–∞—Ä–¥–∞–≤–æ–º –±—É–ª—Å–∏–Ω –∑–æ—Ä,pos
"juda z√∂r tortyapti, bizga yoqdi. 
kafolat xatini yozib bering iloji b√∂lsa",pos
"–®–ª–∞–Ω–≥–∞—Å–∏—è–º –∫–ª–µ–π–∏–¥–∞–Ω –∞–∂—Ä–∞–± –∫–µ—Ç–¥–∏, —à–Ω—É—Ä–∏ –∫–∞–ª—Ç–∞ –π–æ–∫–º–∞–¥–∏ —Ö—É–ª–ª–∞—Å",neg
"Ovoz sifati yomon, shovqin ko√îp.",neg
"—Å–ø–∞—Å–∏–±–æ –£–∑—É–º ü•∞ 
–∫–∏—Ç–æ–± —á–∏–∫–∞—Ä–∏—à —É—á—É–Ω –æ–ª–¥–∏–º –∫–æ–∑–Ω–∏ –æ–≥—Ä–∏—Ç–º–∏–¥–∏ —Ä–∞–Ω–≥–∏",pos
"Materiali qo√îpol, qo√îlni tirnaydi.",neg
–ö –Ω–∞—à–µ–º—É –ø—ã–ª–µ—Å–æ—Å—É –ø–æ–¥–æ—à–æ–ª,pos
olishilarni tavsiya qilaman,pos
endi o‚Äòqishni boshladim ajoyibüëçüëç,pos
tavsiya qilaman,pos
"–Ø—Ö—à–∏ —Ç–µ–ª —ç–∫–∞–Ω, —Ç–∞–≤—Å–∏—è –∫–∏–ª–∞–º–∞–Ω –æ–ª–æ—Ä–∏–ª–∞.",pos
gap yo,pos
Umuman tavsiya etmayman.,neg
"olganimga ancha bo ªldi ishlatib ko ªrib keyin , izoh yozyapman puliga 2 martalab arzirkan , olilar maslahat bermang hamam do ªstlarimga yam tavsiya qildim .
Hush muomala sotuvchi va operatorlar ga ham rahmat",pos
–Ω–µ —Å–º–æ—Ç—Ä—è –Ω–∞ –≤—Å–µ –æ—Ç–∑—ã–≤—ã –ø–∞—à–µ—Ç –∫–∞–∫ –Ω–µ –≤ —Å–µ–±–µ –≤—Å–µ —á–µ—Ç–∫–æ –∏ –ø—Ä–æ–±–ª–µ–º —Å –ø–æ–≤—Ä–µ–∂–¥–µ–Ω–∏–µ–º –Ω–µ –±—ã–ª–æ –ø—Ä–∏–≤–µ–∑–ª–∏ –±—ã—Å—Ç—Ä–æ –µ–¥–∏–Ω—Å—Ç–≤–µ–Ω–Ω–æ–µ –∏–Ω–æ–≥–¥–∞ —à—É–º–∏—Ç –∏ –æ—Ç –æ—Ö–ª–∞–∂–¥–µ–Ω–∏—è —Ç—è–∂–µ–ª–æ –æ—Ç–∫—Ä—ã—Ç—å,pos
"–∫–∞–∫ —Ä–∞–∑ –ø–æ —Ü–≤–µ—Ç –∫–æ–º–ø—å—é—Ç–µ—Ä–∞, –µ—â—ë —á—ë—Ä–Ω—ã–µ –∫—É–ø–ª—é –Ω–∞ —Ä–∞–±–æ—Ç—É",pos
—É–∑ –≤–∞–∫—Ç–∏–¥–∞ –æ–± –∫–µ–ª–∏—à–¥–∏. –Ω–æ—É—Ç–±—É–∫ –º–µ–Ω–≥–∞ —ë–∫–¥–∏ –∂—É–¥–∞—è–º,pos
Tavsif yolg√îon.,neg
bollarga yoqdi,pos
Ishlab chiqaruvchiga rahmat,pos
alo darajada,pos
menga yoqdi,pos
–°—É–ø–µ—Ä —Å–∞–º—ã–π –≥–ª–∞–≤–Ω—ã–π –º–æ–π —Å–∏–Ω –æ—á–µ–Ω—å –¥–æ–≤–æ–ª–µ–Ω –º–Ω–µ —ç—Ç–æ –Ω–∞–¥–æ –±—ã–ª–æ –†–ê–•–ú–ê–¢,pos
"–í—Å–µ –æ—Ç–ª–∏—á–Ω–æ, –æ—á–µ–Ω—å –∫–∞—á–µ—Å—Ç–≤–µ–Ω–Ω—ã–µ —á–∞—Å—ã , —Å–ø–∞—Å–∏–±–æ –±–æ–ª—å—à–æ–µ",pos
"z√∂r, rasmda qanaqa bo'lsa shunaqa keldi, faqat sal kottaro razmerda db √∂ylagandimüôáüèª‚Äç‚ôÄÔ∏è",pos
Ancha qulay.,pos
"—É –∫–æ–≥–æ –º–∞–ª–µ–Ω—å–∫–∏–µ –¥–µ—Ç–∫–∏, –¥–ª—è —Ç–µ—Ö –º–∞–≥–Ω–∏—Ç–∏–∫–∏ –æ–ø–∞—Å–Ω—ã –µ—Å–ª–∏ –ø—Ä–æ–≥–ª–æ—Ç–∏—Ç—å. –ò–≥—Ä–∞ –∫–æ–Ω–µ—á–Ω–æ —à—É–º–Ω–∞—è, –¥–ª—è –ª—é–±–∏—Ç–µ–ª–µ–π —Ç–∏—à–∏–Ω—ã –Ω–µ —Ä–µ–∫–æ–º–µ–Ω–¥—É—é, –Ω–æ —Ç–∞–∫ –∫–∞–∫ —É –Ω–∞—Å —Å —Å—ã–Ω–æ–º –∏–≥—Ä—ã –≤—Å–µ —à—É–º–Ω—ã–µ —Ç–æ –∏–≥—Ä–∞–µ–º —Å —É–¥–æ–≤–æ–ª—å—Å—Ç–≤–∏–µ–º",pos
judayam iqtisodiy ozginagina kiyimni oson yuvib beradi,pos
"Juda kichkina ekan, tavsifda kattaroq deb yozilgan edi. Aldanganimga achindim.",neg
uzummarketga raxmat,pos
Telefonni quvati tugagach nechi soat qoyish kerak 8 soatmi yoki 16 soatmi. Izoh kutaman rahmat,pos
"Zaryad kabeli nosoz chiqdi, zaryad olmaydi.",neg
shunchaki zo ªr buyum,pos
"Tavsiya qilish u yoqda tursin, hatto ishlatib bo√îlmaydi.",neg
—Å–ø–∞—Å–∏–±–æ —É–∑—É–º –º–∞—Ä–∫–µ—Ç –æ—á–µ–Ω —Ö–æ—Ä–æ—à–∏–π –¥–∏–∑–∞–π üòòüòçüòç,pos
Kutganimdanam yaxwi keldi oliwilani maslahat beraman.,pos
"manda umuman ishlamadi, hech qanday foydasi yo ekan",neg
Rahmat,pos
Kichginam uynayabdi,pos
Eng yomon xaridim bo√îldi.,neg
zor vapshe telefonda gaplashsa ovozlari tiniq raxmat,pos
Rasmga umuman o√îxshamaydi.,neg
"Ishlamadi, yoqib ko√îrdim, 5 daqiqa o√îtib o√îchib qoldi. Qaytarib berdim.",neg
zor vapshe telefonda gaplashsa ovozlari tiniq raxmat,pos
"–º—É–∫–∞ —Ö–æ—Ä–æ—à–∞—è, —Ä–µ–∫–æ–º–µ–Ω–¥—É—é üëç",pos
yoqdi juda yaxshi,pos
Bir martalik mahsulotga o√îxshaydi.,neg
Tavsif bilan real mahsulot o√îrtasida katta farq bor.,neg
uzumni o ªzida ishlatib ko ªrib tekshirib oldim,pos
Yaxshi nanushnigimga tushdi,pos
Ko√îrsatmalari tushunarsiz.,neg
—Ö–æ—Ä–æ—à–∞—è –±—É–º–∞–≥–∞ –¥–ª—è –æ—Ñ–∏—Å–∞ –∏–ª–∏ –¥–ª—è –¥–æ–º–∞ –¥–µ—Ç—è–º –æ–Ω–∞ –±–µ–∂–µ–≤–æ–≥–æ —Ü–≤–µ—Ç–∞ –∫–∞–∫ —Å–≤–µ—Ä—Ö—É –æ–±–ª–æ–∂–∫–∞,pos
Norm,pos
"–∞—Å—Å–∞–ª–æ–º—É –∞–ª–µ–∫—É–º –º–∞—à–∏–Ω–∫–∞ —è—Ö—à–∏ —ë–∫–¥–∏—á–∏—Ä–æ–π–ª–∏ —É–ø–∞–∫–æ–≤–∫–∞ –¥–∞ –∫–µ–ª–¥–∏.—Å–∞–≤–æ–ª–∏–º –±–æ—Ä–∏–¥–∏ –∏—à–ª–∞–± —Ç—É—Ä–∏–± Ei —á–∏–∫–∏–± –∫–æ–ª—è–ø—Ç–∏ 2,3–º–∏–Ω—É—Ç –∞–π–ª–∞–Ω–∏–± —à—É–Ω–≥–∞ –ù–∏–º–∞ –∫–∏–ª–∞–º–∞–Ω",pos
hali o ªqib ko ªrmadim,pos
Kutganimdanam yaxwi keldi oliwilani maslahat beraman.,pos
–£–¥–æ–±–Ω—ã–π.,pos
hech narsa,pos
tafsiya kilaaman zor ekan,pos
–ó—É—Ä —ç–∫–∞–Ω üëç —Ç–∞–≤—Å–∏—è –∫–∏–ª–∞–º–∞–Ω,pos
olishilani tavsiya qilaman,pos
Yoqdi raxmat,pos
Ishlashdan oldin buzilgan.,neg
"–ù–µ–≤–∞—Ä–∞–º–≥–∞ —ë–∫–¥–∏,—Ç–æ–≤–∞—Ä —É–∑ –≤–∞–∫—Ç–∏–¥–∞ –∫–µ–ª–¥–∏.",pos
—É–∑–∏–º –∫—É—Ç–≥–∞–Ω–∏–º–¥–µ–π –∫–∏–ª–∏ ‚ú®Ô∏è,pos
–æ–ª–∏–ª–∞ –∞—Ä–∑–∏–¥–∏,pos
Rasmdagidek keldi juda xursandman,pos
–¥—ë—à–µ–≤–æ –∏ –±—ã—Å—Ç—Ä–æ,pos
Aytilgan narsa keldi. Puligayam arziydi,pos
"Ovoz sifati juda past, shovqin ko√îp.",neg
Tavsiya qilaman padarkaga ham uyaltirmeydi,pos
Yaxshi,pos
tavsiya qilaman sifati yaxwi iwlawi ham,pos
Tavsiya etmayman.,neg
Zur,pos
zur,pos
plisos yaxshi holatda keldi. yaxshi tortyapti,pos
–ë–æ–ª–∞–∂–æ–Ω–ª–∞—Ä–∏–º–≥–∞ —Ä–æ—Å–∞ —ë–∫–¥–∏ –º–∞–∑–∞ –∫–∏–ª–∏–± —É–π–Ω–∞—à—è–ø—Ç–∏. –£–∑—É–º–≥–∞ –†–∞—Ö–º–∞—Çü´∞ü´∞ü´∞,pos
"–ü–æ—Å—Ç–∞–≤–∏–ª 5 –∑–≤—ë–∑–¥, —Ö–æ—Ç—è –ø—Ä–∞–≤–∏–ª—å–Ω–µ–µ 4.5*",pos
zo‚Äòrüëç,pos
yaxshi,pos
Rasmdaqa Mas ekan omelar maslahatm rasm oziday kemaskan‚ùó,neg
yaxwi olila,pos
Kutilganidan ancha yomon.,neg
"Narxiga sifati yaxshi,baqquvat ekan",pos
"–û—á–µ–Ω—å —É–¥–æ–±–Ω–æ –≤—ã—Å—ã–ø–∞—Ç—å –º—É—Å–æ—Ä. –§–∏–ª—å—Ç—Ä –º–æ–∂–Ω–æ –ø—Ä–æ–º—ã—Ç—å, —ç–∫–æ–Ω–æ–º–∏—è –Ω–∞ —Ä–∞—Å—Ö–æ–¥–Ω–∏–∫–∞—Ö",pos
Vashshe zorüëçüëçüëç Sifatiyam –∫–∞—á–µ—Å—Ç–≤–∞—Å–∏—è–º –¥–∞—Ö—à–∞—Ç,pos
tavsiya qilaman,pos
"–ö—É–ø–∏–ª, —Å—Ç–∏—Ä–∞–ª–∫–∞ —Ä–∞–±–æ—Ç–∞–µ—Ç —Ö–æ—Ä–æ—à–æ. –î–æ—Å—Ç–∞–≤–∏–ª–∏ –≤–æ–≤—Ä–µ–º—è. –ù–æ –æ–¥–∏–Ω –≤–æ–ø—Ä–æ—Å –∫ –ø—Ä–æ–¥–∞–≤—Ü—É, –æ—Ç—Å—É—Ç—Å—Ç–≤—É–µ—Ç –≥–∞—Ä–∞–Ω—Ç–∏–π–Ω—ã–π —Ç–∞–ª–æ–Ω, –∫–∞–∫ –µ–≥–æ –ø–æ–ª—É—á–∏—Ç—å?",pos
uzum marketga raxmat,pos
Kitobni ichlari oq ekan sifatli puliga arzidi judayam yoqti üíû,pos
