text,label,rating
olilar,pos,5
—Å—É–ø–µ—Ä,pos,5
Menga yoqmadi qaytarishni xoxlayman,neg,1
Yaxshi ekan,pos,5
–∫–ª–∞—Å—Å,pos,5
zor,pos,5
boladi zoor  uyime  deyin  keldi  besplatniy,pos,5
—Ç–µ–ª–µ—Ñ–æ–Ω —è—Ö—à –∏—à–ª–∞–≤–æ—Ç–∏ —É–∑—É–º –º–∞—Ä–∫–µ—Ç–≥–∞ —Ä–∞—Ö–º–∞—Ç,pos,5
yaxshi samsung A seriyasidan ALO.,pos,5
redmi telefonlari yaxshi bo ªladi,pos,5
Olishilarni tavsiya qilaman,pos,5
juda ajoyib sovg'a uchun,pos,5
hammaga tafsiya  qilaman,pos,5
–°–ø–∞—Å–∏–±–æ –ø—Ä–æ–¥–∞–≤—Ü—É –∏ –£–∑—É–º,pos,5
Tavsiya beramiz üî•,pos,5
tavsiya beraman,pos,5
Tavsiya qilaman,pos,5
Yahshi telefon,pos,5
Tafsiya etaman,pos,5
Yoqdi raxmat,pos,5
–≤—Å–µ –æ—Ç–ª–∏—á–Ω–æ,pos,5
–£–¥–æ–±–Ω—ã–π.,pos,5
–ö–ª–∞—Å—Å,pos,5
zo ªr,pos,5
zur,pos,5
zor,pos,5
Ishonchli narxiga arzidigan telefon,pos,5
–æ—á–µ–Ω—å —Ö–æ—Ä–æ—à–∏–π —Ç–µ–ª–µ—Ñ–æ–Ω. –ü–æ–Ω—Ä–∞–≤–∏–ª—Å—è,pos,5
telefon yaxshi puliga yarasha,pos,5
tafsiya qilaman boshqalarha,pos,5
Zo‚Äòr gap bulish mumkinmas,pos,5
zor tez va yengil ishlidi,pos,5
uzum market judayam qulay,pos,5
raxmat ishlarizga rivoj,pos,5
Olib ishlatishga kerak,pos,5
—è—Ö—à–∏ –∏—à–ª–∞–± —Ç—É—Ä–∏–±–¥–∏,pos,5
Vashe bomba tezlik juda zor kamer shunaqa tiniq zaryatasi xam zor zor iphonedan qolishmidi ishonila vapshe,pos,5
uzum market ga rahmat juda qulay va arzon ekan narxiga arziydi ayniqsa sovg ªaga juda mos uyaltirmidi,pos,5
"–ï—Å–∫–∏ –Ω–æ–º–µ—Ä–∏–º —Ç—É—à–º–∞–¥–∏, —é—Å–µ–ª —Ç—É—à—Ç–∏ —è–Ω–≥–∏ –Ω–æ–º–µ—Ä –æ–ª–∏—à–≥–∞ —Ç–æ“ì—Ä–∏ –∫–µ–≤–æ—Ç–∏. –ù–µ–≥–∞ —Å–∏–º–∫–∞—Ä—Ç–∞ —Ç–∞–Ω–ª–æ–¥–∏ —Ç–µ–ª–µ—Ñ–æ–Ω?",pos,5
Telefonni quvati tugagach nechi soat qoyish kerak 8 soatmi yoki 16 soatmi. Izoh kutaman rahmat,pos,5
aynan shu g ªijduvondagi uzumda buyurma topshiruvchilani umuman muomilasi yoooq,pos,5
uzum market arzon va tez ishonchli ekan ayniqsa pasport so'ramaydi shu zo'r,pos,5
zaryadnik va cheholi bilan keldi. Haridim uchun xursandman.,pos,5
tavsya qlaman zor ishlidi zaratkasyam ancaga yetadüíó,pos,5
–Ø –æ—á–µ–Ω—å —Ä–∞–¥–∞ –º–Ω–µ –æ—á–µ–Ω—å –Ω—Ä–∞–≤–∏—Ç—Å—è –æ–≥—Ä–æ–º–Ω–æ–µ —Å–ø–∞—Å–∏–±–æ,pos,5
karobkada hamma narsasi bor ekan juda ajoyib,pos,5
qanday bog ªlansam buladi qaytaraman,neg,1
—Å–ø–∞—Å–∏–±–æ –æ–≥—Ä–æ–º–Ω–æ–µ —É–∑—É–º –±—ã—Å—Ç—Ä–æ –¥–æ—Å—Ç–∞–≤–∏–ª–∏. –∫—É–ø–∏–ª–∏ –¥–ª—è —Å—ã–Ω–∞ –æ—á–µ–Ω—å –æ–±—Ä–∞–¥–æ–≤–∞–ª—Å—è,pos,5
–ê—Å—Å–∞–ª–æ–º—É –∞–ª–µ–π–∫—É–º –£–∑—É–º –∂–∞–º–æ–∞—Å–∏ –≤–∞ —Å–æ—Ç—É–≤—á–∏–ª–∞—Ä–∏–≥–∞ –†–∞—Ö–º–∞—Ç! –¢–∞–≤—Å–∏—è –∫–∏–ª–∞–º–∞–Ω,pos,5
IMEI dan otgan xammaga tavsiya beraman olila rangi juda yoqdi,pos,5
ho ªjeynimga tug ªilgan kunlariga olganidim lekin qizim hursand,pos,5
–∞–ª–æ –¥–∞—Ä–∞–∂–∞–¥–∞ –∏—à–ª–∞—à–∏ —è—Ö—à–∏ –∫–æ—Ç–∏–± –∏—à–ª–∞—Å–∞ –∫–µ—Ä–∞–∫ –¥–µ–± —É–π–ª–∞–≥–∞–Ω–¥–∏–º,pos,5
Sovƒüa qilish uchun xarid qildim. Olishni tavsiya qilaman.,pos,5
mengaham yoqdi juda chiroyli telefon ekan tavsiya qilaman,pos,5
upakovkasi judayam yaxshi keldim hamma narsasi joyida,pos,5
–æ–Ω–∞–º–∞ —Å–æ–≤–≥–∞ –∫–∏–ª–¥–∏–º –æ–Ω–∞–º —Ö—É—Ä—Å–∞–Ω–¥ —É–∑—É–º –º–∞—Ä–∫–µ—Ç–∫–∞ –†–∞—Ö–º–∞—Ç.,pos,5
–°–µ–≥–æ–¥–Ω—è –∫—É–ø–∏–ª–∞ –¥–æ—á–∫–µ –æ—á–µ–Ω—å —Ä–∞–¥–∞ –≤—Ä–æ–¥–µ –±—ã –Ω–æ—Ä–º–∞–ª—å–Ω—ã–π,pos,5
telefonni tavsiya etaman,pos,5
Tavsiya qilaman hammaga,pos,5
hammaga tavsiya etaman,pos,5
Tavsiya qilaman,pos,5
alo darajada,pos,5
–æ—Ç–ª–∏—á–Ω–æ,pos,5
yaxshi,pos,5
Zur,pos,5
o'ylaganimdan ham zo ªr uzum market rahmat üëçüëçüëçüëç,pos,5
O ªylanmasdan bemalol harid qilishingiz mumkin,pos,5
"–Ø—Ö—à–∏ —Ç–µ–ª–µ—Ñ–æ–Ω —ç–∫–∞–Ω, –æ—á–∏–ª–º–∞–≥–∞–Ω –∫–∞—Ä–æ–ø–∫–∞–¥–∞ –∫–µ–ª–¥–∏",pos,5
–±—ã—Å—Ç—Ä–æ–µ –¥–æ—Å—Ç–∞–≤–∫–∞ —Ç–µ–ª–µ—Ñ–æ–Ω —Å–µ—Å—Ç—Ä—ã –ø–æ–Ω—Ä–∞–≤–∏–ª–æ—Å—å,pos,5
Sifatli keldi juda yaxshi holatda rahmat‚ù§Ô∏è,pos,5
"–Ø—Ö—à–∏ —Ç–µ–ª —ç–∫–∞–Ω, —Ç–∞–≤—Å–∏—è –∫–∏–ª–∞–º–∞–Ω –æ–ª–æ—Ä–∏–ª–∞.",pos,5
menga boƒ£laning iltimos tel 990352402,pos,5
Raxmat uzum market sotuvchilariga,pos,5
Zo'r olishga arziydigan telefon,pos,5
boshqalarga ham tavsiya etaman,pos,5
Vashe bomba tezlik juda zor kamer shunaqa tiniq zaryatasi xam zor zor iphonedan qolishmidi ishonila vapshe,pos,5
uzum market ga rahmat juda qulay va arzon ekan narxiga arziydi ayniqsa sovg ªaga juda mos uyaltirmidi,pos,5
"–ï—Å–∫–∏ –Ω–æ–º–µ—Ä–∏–º —Ç—É—à–º–∞–¥–∏, —é—Å–µ–ª —Ç—É—à—Ç–∏ —è–Ω–≥–∏ –Ω–æ–º–µ—Ä –æ–ª–∏—à–≥–∞ —Ç–æ“ì—Ä–∏ –∫–µ–≤–æ—Ç–∏. –ù–µ–≥–∞ —Å–∏–º–∫–∞—Ä—Ç–∞ —Ç–∞–Ω–ª–æ–¥–∏ —Ç–µ–ª–µ—Ñ–æ–Ω?",pos,5
Telefonni quvati tugagach nechi soat qoyish kerak 8 soatmi yoki 16 soatmi. Izoh kutaman rahmat,pos,5
aynan shu g ªijduvondagi uzumda buyurma topshiruvchilani umuman muomilasi yoooq,pos,5
uzum market arzon va tez ishonchli ekan ayniqsa pasport so'ramaydi shu zo'r,pos,5
zaryadnik va cheholi bilan keldi. Haridim uchun xursandman.,pos,5
tavsya qlaman zor ishlidi zaratkasyam ancaga yetadüíó,pos,5
–Ø –æ—á–µ–Ω—å —Ä–∞–¥–∞ –º–Ω–µ –æ—á–µ–Ω—å –Ω—Ä–∞–≤–∏—Ç—Å—è –æ–≥—Ä–æ–º–Ω–æ–µ —Å–ø–∞—Å–∏–±–æ,pos,5
karobkada hamma narsasi bor ekan juda ajoyib,pos,5
Tafsiya qilaman,pos,5
maslahat beraman,pos,5
üî•üî•üî•üî•üî•üî•üî•üî•üî•üî•,pos,5
zor,pos,5
Vashe bomba tezlik juda zor kamer shunaqa tiniq zaryatasi xam zor zor iphonedan qolishmidi ishonila vapshe,pos,5
uzum market ga rahmat juda qulay va arzon ekan narxiga arziydi ayniqsa sovg ªaga juda mos uyaltirmidi,pos,5
"–ï—Å–∫–∏ –Ω–æ–º–µ—Ä–∏–º —Ç—É—à–º–∞–¥–∏, —é—Å–µ–ª —Ç—É—à—Ç–∏ —è–Ω–≥–∏ –Ω–æ–º–µ—Ä –æ–ª–∏—à–≥–∞ —Ç–æ“ì—Ä–∏ –∫–µ–≤–æ—Ç–∏. –ù–µ–≥–∞ —Å–∏–º–∫–∞—Ä—Ç–∞ —Ç–∞–Ω–ª–æ–¥–∏ —Ç–µ–ª–µ—Ñ–æ–Ω?",pos,5
Telefonni quvati tugagach nechi soat qoyish kerak 8 soatmi yoki 16 soatmi. Izoh kutaman rahmat,pos,5
aynan shu g ªijduvondagi uzumda buyurma topshiruvchilani umuman muomilasi yoooq,pos,5
uzum market arzon va tez ishonchli ekan ayniqsa pasport so'ramaydi shu zo'r,pos,5
zaryadnik va cheholi bilan keldi. Haridim uchun xursandman.,pos,5
tavsya qlaman zor ishlidi zaratkasyam ancaga yetadüíó,pos,5
–Ø –æ—á–µ–Ω—å —Ä–∞–¥–∞ –º–Ω–µ –æ—á–µ–Ω—å –Ω—Ä–∞–≤–∏—Ç—Å—è –æ–≥—Ä–æ–º–Ω–æ–µ —Å–ø–∞—Å–∏–±–æ,pos,5
karobkada hamma narsasi bor ekan juda ajoyib,pos,5
yaxshi ishlatyapman kutganimdek keldi,pos,5
uzum market ishchilariga katta rahmat,pos,5
ishlashi zor puliga 100% arziydi,pos,5
–∞–∂–æ–π–∏–± –∑—û—Ä —Ö–∞–º–∞–≥–∞ —Ç–∞—Ñ—Å–∏—è “õ–∏–ª–∞–º–∞–Ω,pos,5
O'qituvchilar uchun juda kerakli,pos,5
Hozircha yaxshi ishlayapti,pos,5
–í–∏–Ω–¥–∞ —Ç–∞ –ª–∏—Ü–µ–Ω–∑–∏–æ–Ω–Ω–∞—è –∫—Ä—É—Ç–æ,pos,5
–≥–ª–∞–≤–Ω–æ–µ –¥–æ—á–µ–Ω—å–∫–∞ –¥–æ–≤–æ–ª—å–Ω–∞,pos,5
"–∂—É–¥–∞ —è—Ö—à–∏, —Ç–∞–≤—Å–∏—è –∫–∏–ª–∞–º–∞–Ω",pos,5
hammaga tavsiya beraman,pos,5
–Ø–ù–ì–ò “≥–∞–º–º–∞ –Ω–∞—Ä—Å–∞—Å–∏ –±–æ—Ä —Ö—É–∂–∂–∞—Ç–∏–¥–∞–Ω –±–æ—à“õ–∞ —Ö—É–∂–∂–∞—Ç–∏–Ω–∏ “≥–∞–º –±–µ—Ä–∏—à –∫–µ—Ä–∞–∫ —ç–¥–∏–∫—É,pos,5
to ªlov chekini soliq ilovasidan avval ishlatilgan deb chiqdi,pos,5
Olishlariga maslahat beraman Uzumga raxmat zo'r,pos,5
–ø–æ–¥—Å–≤–µ—Ç–∫–∞—Å–∏–Ω–∏ “õ–∞–Ω–¥–∞–π —ë“õ–∞–¥–∏ —Ç–æ–ø–∞–æ–ª–º–∞–¥–∏–º,pos,5
ishlatsa boladi counter kotarar ekan,pos,5
ishlatvomiza yaxwi uzumga raxmat,pos,5
nega ulanmayabdi wi-fi ga,pos,5
Tavsiya qilaman,pos,5
üëçüëçüëçüëçüëçüëçüëçüëçüëçüëçüëçüëç,pos,5
Rahmat,pos,5
–•–æ—Ä–æ—à–æ —Ä–∞–±–æ—Ç–∞–µ—Ç,pos,5
Zur,pos,5
Raxmat shu klavishida kiril yozuvi yuqligini aytmaganda hammasi yahshi,pos,5
gap yuq ishlashi juda yaxshi oylaginimdan xa zor chiqdi uzumga rahmat,pos,5
Bemollol olib ishlatsa bo ªladi yana bitta zakaz qilmoqchiman,pos,5
"–û—Ç–ª–∏—á–Ω—ã–π –Ω–æ—É—Ç–±—É–∫,–¥–æ—á–∫–µ –ø–æ–Ω—Ä–∞–≤–∏–ª–æ—Å—å,—Å–ø–∞—Å–∏–±–æ –ø—Ä–æ–¥–∞–≤—Ü—Éüòä",pos,5
—É–∑ –≤–∞–∫—Ç–∏–¥–∞ –æ–± –∫–µ–ª–∏—à–¥–∏. –Ω–æ—É—Ç–±—É–∫ –º–µ–Ω–≥–∞ —ë–∫–¥–∏ –∂—É–¥–∞—è–º,pos,5
–ú–∞–∫—Ç–∞–± —É—á—É–Ω –∏—à–ª–∞—Ç–∏—à–≥–∞ —è—Ö—à–∏ –Ω–æ—É—Ç–±—É–∫ –º–∞–Ω–≥–∞ –µ–∫–¥–∏,pos,5
–ö–æ–º–ø—å—é—Ç–µ—Ä —Ä–∞–±–æ—Ç–∞–µ—Ç –∏–¥–µ–∞–ª—å–Ω–æ –≤—Å—ë –ø–æ–¥–ª–µ—Ä–∂–∏–≤–∞–µ—Ç,pos,5
Tavsiya qilaman juda chiroyli Lenovo Notbook,pos,5
—Ä–µ–∫–æ–º–µ–Ω–¥—É—é –ø—Ä–æ–¥–∞–≤—Ü–∞. –¢–æ–ø –∑–∞ —Å–≤–æ–∏ –¥–µ–Ω—å–≥–∏,pos,5
–æ—Ç–ª–∏—á–Ω–æ —Ä–∞–±–æ—Ç–∞–µ—Ç —Å–ø–∞—Å–∏–±–æ –±–æ–ª—å—à–æ–µ —É–∑—É–º!,pos,5
Kompyuter keldi ishlatdik yaxshi hamasi joyida,pos,5
O‚Äòqish ish uchun balansli kompyuter,pos,5
—Ä–∞–±–æ—Ç–∞–µ—Ç –±–µ–∑ –∑–∞–≤–∏—Å–∞–Ω–∏—è –æ–¥–æ–±—Ä—è—é,pos,5
hammasi a ºlo darajada,pos,5
Juda zo ªr menga yoqdi,pos,5
maslahat beraman,pos,5
Tavsiya qilaman,pos,5
tavsiya qilaman,pos,5
tafsiyaetaman,pos,5
yahshi,pos,5
"–ø—Ä–æ—Å—Ç–æ –º—É—Å–æ—Ä –≤–∑—è–ª , –∞ –Ω–∞ —Å–ª–µ–¥—É—é—â–∏–π –¥–µ–Ω—å –Ω–µ —Ä–∞–±–æ—Ç–∞–µ—Ç , –Ø —Å—Ç–æ–ª—å–∫–æ –º–æ–ª—á–∞–ª –≤–æ–∫–æ–Ω—Ü–æ–≤–∫–∏ –Ω–µ —É–¥–µ—Ä–∂–∞–ª—Å—è",neg,1
–≤–∞–±—à–µ.  –±–æ–º–±–∞.  –Ω–æ—É—Ç.  –∫—Ä—É—Ç–∞,pos,5
juda yaxshi kamchiliklari yuq,pos,5
raxmat oylaganimdeyakan,pos,5
"–∏ –±—é–¥–∂–µ—Ç–Ω—ã–π, –∏ —Ö–æ—Ä–æ—à–∏–π",pos,5
—Ö–æ–∑–∏—Ä—á–∞ —è—Ö—à–∏ –∏—à–ª–∞—è–ø—Ç–∏,pos,5
Uzum market-–í—ã —Å—É–ø–µ—Ä,pos,5
–°—Ç–æ–∏—Ç —Å–≤–æ–∏—Ö –¥–µ–Ω–µ–≥,pos,5
–æ—á–µ–Ω—å —Ö–æ—Ä–æ—à–æ üëç,pos,5
tavsiya qilaman,pos,5
tavsiya qilaman,pos,5
juda zo ªr,pos,5
"–£–¥–æ–±–Ω–µ–µ —Å—Ä–∞–∑—É 2 –ø–æ–∫—É–ø–∞—Ç—å, —Ç.–∫. 3-4 —á–∞—Å–∞ –Ω–∞ –∑–∞—Ä—è–¥–∫–µ —Å—Ç–æ–∏—Ç.",pos,5
telefon qib urishmadi demak zor ishlayabdiüëåüèªüòÇ,pos,5
Narxi hamyonbop olishni maslahat beraman,pos,5
yana shunaqa mahsulotlar chiqarilar,pos,5
–æ—Ç–ª–∏—á–Ω–∞—è –º—ã—à–∫–∞ –∑–∞ —Å–≤–æ–∏ –¥–µ–Ω—å–≥–∏,pos,5
sotib olishni tavsiya qilaman.,pos,5
hursandmiz narhi hamyonbop,pos,5
–û—Ç–ª–∏—á–Ω–∞—è –º—ã—à–∫–∞ —Ä–µ–∫–æ–º–µ–Ω–¥—É—é,pos,5
–í—Å–µ –ø—Ä–µ–∫—Ä–∞—Å–Ω–æ —Ä–∞–±–æ—Ç–∞–µ—Ç üëçüèª,pos,5
"–ó–∞–∫–∞–∑–∞–ª –º—ã—à–∫—É. –ü–æ –º–æ–¥–µ–ª–∏ –æ–Ω–∞ —Å–æ–æ—Ç–≤–µ—Ç—Å—Ç–≤—É–µ—Ç –∑–∞—è–≤–ª–µ–Ω–Ω–æ–π, –æ–¥–Ω–∞–∫–æ —Ñ–∞–∫—Ç–∏—á–µ—Å–∫–∏ –æ–Ω–∞ –ø—Ä–æ–≤–æ–¥–Ω–∞—è.
–ù–∞ –∏–∑–æ–±—Ä–∞–∂–µ–Ω–∏—è—Ö –≤ –∫–∞—Ä—Ç–æ—á–∫–µ —Ç–æ–≤–∞—Ä–∞ –ø–æ–∫–∞–∑–∞–Ω–æ, —á—Ç–æ –º—ã—à–∫–∞ –±–µ—Å–ø—Ä–æ–≤–æ–¥–Ω–∞—è, –∞ –ø—Ä–æ–≤–æ–¥ –∏—Å–ø–æ–ª—å–∑—É–µ—Ç—Å—è —Ç–æ–ª—å–∫–æ –¥–ª—è –∑–∞—Ä—è–¥–∫–∏. –í —Ä–µ–∞–ª—å–Ω–æ—Å—Ç–∏ –∂–µ –ø—Ä–æ–≤–æ–¥ –Ω—É–∂–µ–Ω –¥–ª—è –ø–æ—Å—Ç–æ—è–Ω–Ω–æ–≥–æ –ø–æ–¥–∫–ª—é—á–µ–Ω–∏—è, –∏ –±–µ–∑ –Ω–µ–≥–æ –º—ã—à–∫–∞ –Ω–µ —Ä–∞–±–æ—Ç–∞–µ—Ç.
–ü–æ—ç—Ç–æ–º—É —Ç–µ–º, –∫—Ç–æ –ø–ª–∞–Ω–∏—Ä—É–µ—Ç –ø–æ–∫—É–ø–∫—É –∏–º–µ–Ω–Ω–æ –±–µ—Å–ø—Ä–æ–≤–æ–¥–Ω–æ–π –º—ã—à–∏, —Å—Ç–æ–∏—Ç —É—á–∏—Ç—ã–≤–∞—Ç—å —ç—Ç–æ—Ç –º–æ–º–µ–Ω—Ç.
–ï—Å–ª–∏ –∂–µ –≤–∞–º –Ω—É–∂–Ω–∞ –ø—Ä–æ–≤–æ–¥–Ω–∞—è –º—ã—à—å, –¥–∞–Ω–Ω—ã–π –≤–∞—Ä–∏–∞–Ω—Ç –ø–æ–¥–æ–π–¥—ë—Ç.

Mishka zakaz qiluvdim. Modeli ko‚Äòrsatilganiga mos, ammo aslida u simli, men esa simsiz xohlagan edim.
Mahsulot rasmlarida simsiz qilib ko‚Äòrsatilgan. Aslida esa bu yerdagi sim va rasmdagi sim farq qiladi ‚Äî u zaryadlash uchun emas, balki kompyuterga ulash uchun kerak.
Shu sababli, aynan simsiz sichqoncha hoqlaganlar bu holatni inobatga olishlari kerak va sotuvchining yolg‚Äòoniga aldanib qolmang.
Agar sizga simli sichqoncha kerak bo‚Äòlsa, olsangiz bo'ladi",neg,1
–£—Å–ø–µ–ª –∑–∞–∫–∞–∑–∞—Ç—å –Ω–∞ —Å–∫–∏–¥–∫–∏ –≤—Å–µ–º —Ä–µ–∫–æ–º–µ–Ω–¥—É—é —Å–ø–∞—Å–∏–±–æ –ø—Ä–æ–¥–∞–≤—Ü—É,pos,5
puliga arzidi hamyombop i game uchunham maza,pos,5
–í–ø—Ä–æ—á–µ–º —É —Ç–æ–≤–∞—Ä —Ö–æ—Ä–æ—à–∏–π –≤—Å–µ–º —Ä–µ–∫–æ–º–µ–Ω–¥—É—é üëçüëçüëç,pos,5
Manga yoqdi olsela afsuslanmisla zor akan,pos,5
–æ—á–µ–Ω—å —Ö–æ—Ä–æ—à–∏–π —Ç–æ–≤–∞—Ä –º–Ω–µ –æ—á–µ–Ω—å –ø–æ–Ω—Ä–∞–≤–∏–ª—Å—è,pos,5
olib ishlatila maslahat beraman,pos,5
lekin sichqonchalarga gap yoq,pos,5
–°–ø–∞—Å–∏–±–æ –∫–æ–º–∞–Ω–¥–µ –£–∑—É–º,pos,5
shunchaki zo ªr buyum,pos,5
"–∫–∞–∫ —Ä–∞–∑ –ø–æ —Ü–≤–µ—Ç –∫–æ–º–ø—å—é—Ç–µ—Ä–∞, –µ—â—ë —á—ë—Ä–Ω—ã–µ –∫—É–ø–ª—é –Ω–∞ —Ä–∞–±–æ—Ç—É",pos,5
"kutganimdanham alo chiqdi, narxi va sifat zo'r",pos,5
Kutganimdan yaxshiroq chiqdi! Tavsiya qilamiz.,pos,5
–û—á–µ–Ω—å —É–¥–æ–±–Ω—ã–µ. –†–µ–∫–æ–º–µ–Ω–¥—É—é.–°–ø–∞—Å–∏–±–æ –£–∑—É–º,pos,5
–ù–æ—Ä–º –∑–∞ —Å–≤–æ–∏ –¥–µ–Ω—å–≥–∏,pos,5
–£–¥–æ–±–Ω–æ –∏ –ø—Ä–∞–∫—Ç–∏—á–Ω–æ,pos,5
tavsiya qilaman,pos,5
üëç,pos,5
"–∫–∞–∫ —Ä–∞–∑ –ø–æ —Ü–≤–µ—Ç –∫–æ–º–ø—å—é—Ç–µ—Ä–∞, –µ—â—ë —á—ë—Ä–Ω—ã–µ –∫—É–ø–ª—é –Ω–∞ —Ä–∞–±–æ—Ç—É",pos,5
"kutganimdanham alo chiqdi, narxi va sifat zo'r",pos,5
Kutganimdan yaxshiroq chiqdi! Tavsiya qilamiz.,pos,5
–û—á–µ–Ω—å —É–¥–æ–±–Ω—ã–µ. –†–µ–∫–æ–º–µ–Ω–¥—É—é.–°–ø–∞—Å–∏–±–æ –£–∑—É–º,pos,5
–ù–æ—Ä–º –∑–∞ —Å–≤–æ–∏ –¥–µ–Ω—å–≥–∏,pos,5
–£–¥–æ–±–Ω–æ –∏ –ø—Ä–∞–∫—Ç–∏—á–Ω–æ,pos,5
tavsiya qilaman,pos,5
üëç,pos,5
"–ü–æ–¥—Å—Ç–∞–≤–∫–∞ –∏–∑ –º–µ—Ç–∞–ª–ª–∞, –∏ –≤ –º–µ—Å—Ç–∞—Ö, –Ω–∞ –∫–æ—Ç–æ—Ä—ã–µ –Ω–æ—É—Ç–±—É–∫ –æ–ø–∏—Ä–∞–µ—Ç—Å—è, –µ—Å—Ç—å —Ä–µ–∑–∏–Ω–æ–≤—ã–µ –Ω–∞–∫–ª–∞–¥–∫–∏, –ø–æ—ç—Ç–æ–º—É –∫–æ—Ä–ø—É—Å –Ω–µ –ø–æ—Ü–∞—Ä–∞–ø–∞–µ—Ç—Å—è. –°—Ç–æ–∏—Ç –¥–æ—Å—Ç–∞—Ç–æ—á–Ω–æ —É—Å—Ç–æ–π—á–∏–≤–æ, –Ω–µ —à–∞—Ç–∞–µ—Ç—Å—è. –û–ø—Ä–µ–¥–µ–ª—ë–Ω–Ω–æ —Å—Ç–æ–∏—Ç —Å–≤–æ–∏—Ö –¥–µ–Ω–µ–≥",pos,5
a'lo darajada klientni hurmat qilgan holatda qadoqlariga etibor berilgan ochilib karobkalari yirtilib kelmadii masulyat bilan ishlaganlariz uchun rahmat.,pos,5
"–ö–ª–∞—Å—Å–Ω–∞—è –≤–µ—â—å,—Å—Ç–æ–∏—Ç —Å–≤–æ–∏—Ö –¥–µ–Ω–µ–≥,—Å–æ–≤–µ—Ç—É—é –±—Ä–∞—Ç—å. –£–¥–æ–±–Ω–æ –≤ –∏—Å–ø–æ–ª—å–∑–æ–≤–∞–Ω–∏–∏ –æ—Å–æ–±–µ–Ω–Ω–æ –¥–ª—è –æ—Å–∞–Ω–∫–∏",pos,5
–ü—É–ª–∏–≥–∞ —è—Ä–∞—à–∞. –∂–æ–π–ª–∞—à—Ç–∏—Ä–∏—à–¥–∞ —Å–∞–ª –∂–æ–π–∏–¥–∞–Ω —á–∏–∫–∏–± –∫–µ—Ç–æ–ø—Ç–∏. –ª–µ–∫–∏–Ω –Ω–æ—Ä–º. –ø—É–ª–∏–≥–∞ –∞—Ä–∑–∏–π–¥–∏,pos,5
"–¥–ª—è –ª—é–±—ã—Ö –Ω–æ—É—Ç–±—É–∫–æ–≤ –∏ –ø–ª–∞–Ω—à–µ—Ç–æ–≤ –û–ß–ï–ù–¨ –•–û–†–û–®–û, –í–°–ï–ú –°–û–í–ï–¢–£–Æ –ù–ï –°–õ–£–®–ê–ô–¢–ï –ù–ï–ì–ê–¢–ò–í",pos,5
–æ–Ω–æ –Ω–µ –º–æ–∂–µ—Ç –ø–æ–ª–Ω–æ—Å—Ç—å—é –æ—Ö–≤–∞—Ç–∏—Ç—å –∫–æ—Ä–ø—É—Å –Ω–æ—É—Ç–±—É–∫–∞ –∏ –æ–Ω–æ —à–∞—Ç–∞–µ—Ç—Å—è,pos,5
olishni tavsiya  etaman narxiga qaraganda Arizon va sifatli,pos,5
"tavsiya etaman, sovg ªaga olgandim, juda qulayüëç",pos,5
o'ylab ko'ring kerak bo'lsa oling ....,pos,5
—Ö–æ—Ä–æ—à–∞—è –±—É–º–∞–≥–∞ –¥–ª—è –æ—Ñ–∏—Å–∞ –∏–ª–∏ –¥–ª—è –¥–æ–º–∞ –¥–µ—Ç—è–º –æ–Ω–∞ –±–µ–∂–µ–≤–æ–≥–æ —Ü–≤–µ—Ç–∞ –∫–∞–∫ —Å–≤–µ—Ä—Ö—É –æ–±–ª–æ–∂–∫–∞,pos,5
–ü–æ–ª–Ω—ã–π –≤–æ—Å—Ç–æ—Ä–≥! –û—Ç–Ω—ã–Ω–µ —Ç–æ–ª—å–∫–æ —Ç–∞–∫—É—é –±—É–¥—É –∏—Å–ø–æ–ª—å–∑–æ–≤–∞—Ç—å! –°–ø–∞—Å–∏–±–æ –æ–≥—Ä–æ–º–Ω–æ–µ!,pos,5
A4 qog'oz yaxshi arzon. ammo pachka ichida hammasi shunaqa chiqyapti.,pos,5
uzum marketning  yetkazib berish xizmatiga gap yo. tovar ham yaxshi,pos,5
"—Å–ø–∞—Å–∏–±–æ –£–∑—É–º ü•∞ 
–∫–∏—Ç–æ–± —á–∏–∫–∞—Ä–∏—à —É—á—É–Ω –æ–ª–¥–∏–º –∫–æ–∑–Ω–∏ –æ–≥—Ä–∏—Ç–º–∏–¥–∏ —Ä–∞–Ω–≥–∏",pos,5
boriga shukr behisob yaxshi mayli raxmat uzum market,pos,5
barcha tavarlarimni oldim sifat puliga yarasha.....,pos,5
huddi rasmdagidek yetib keldi uzumga kotta raxmat,pos,5
raxmat. butun yetib keldi. menga yoqdi,pos,5
Yaxshi ekan. rangi ko ªzni og ªritmaydi,pos,5
Ideal,pos,5
Puliga arzimedi sifat 0 juda sifatsiz olishni tavsiya bermiman,neg,1
–ú–∞—Ö—Å—É–ª–æ—Ç –ø—É–ª–∏ —è—Ä–∞—à–∞ —ç–∫–∞–Ω,neg,1
oliwni tavsiya kilaman. sifatiga gap yuu,pos,5
sotib olishilani tavsiya qilaman,pos,5
Rasmdagidek keldi juda xursandman,pos,5
zor taxshi ekan juda yoqdi,pos,5
–∞—Ä–∑–º–∏–¥–∏,neg,1
Menga juda yoqdi ko ªrinishi zo ªr ishlashi ham a'lo.Uzum Marketga raxmat,pos,5
o ªg ªlimga yoqti narxini arzonroq qisela yana bitta olardim,pos,5
Hammaga tavsiya beraman soat juda ham sifatli,pos,5
Aytilgan narsa keldi. Puligayam arziydi,pos,5
hammaga olishni tavsiya qilaman,pos,5
judayam zor huddi rasmdagidek,pos,5
yaxshi juda zo ªr menga yoqdi,pos,5
olishilarni tavsiya qilaman,pos,5
hammaga tavsiya qilaman,pos,5
Kutganimdanam yaxwi keldi oliwilani maslahat beraman.,pos,5
zo ªr sotib oling va hamyonbob va zo ªr suradi‚ù§Ô∏è,pos,5
bemalol q√≤rqmay olishinglarni tafsiya qilaman,pos,5
Tavsiya qilaman padarkaga ham uyaltirmeydi,pos,5
menga yoqdi rasimdagi dek keldi,pos,5
menga yoqdi tavsiya qilaman,pos,5
yaxshi holatda keldi. zo‚Äòr,pos,5
hammaga tafsiya qilaman,pos,5
uzum marketga raxmat,pos,5
–±–∞—Ä–¥–∞–≤–æ–º –±—É–ª—Å–∏–Ω –∑–æ—Ä,pos,5
Puliga arzimedi sifat 0 juda sifatsiz olishni tavsiya bermiman,neg,1
–ú–∞—Ö—Å—É–ª–æ—Ç –ø—É–ª–∏ —è—Ä–∞—à–∞ —ç–∫–∞–Ω,neg,1
oliwni tavsiya kilaman. sifatiga gap yuu,pos,5
sotib olishilani tavsiya qilaman,pos,5
Rasmdagidek keldi juda xursandman,pos,5
zor taxshi ekan juda yoqdi,pos,5
tavsiya qilama,pos,5
—Ç–∞–≤—Å–∏—è –±–µ—Ä–∞–º–∞–Ω,pos,5
–†–µ–∫–æ–º–µ–Ω–¥—É—é...,pos,5
Juda toqdi,pos,5
yaxw,pos,5
—è—Ö—à–∏,pos,5
4-Oct,pos,5
omad,pos,5
zur,pos,5
Kutganimdanam yaxwi keldi oliwilani maslahat beraman.,pos,5
zo ªr sotib oling va hamyonbob va zo ªr suradi‚ù§Ô∏è,pos,5
bemalol q√≤rqmay olishinglarni tafsiya qilaman,pos,5
Tavsiya qilaman padarkaga ham uyaltirmeydi,pos,5
menga yoqdi rasimdagi dek keldi,pos,5
menga yoqdi tavsiya qilaman,pos,5
yaxshi holatda keldi. zo‚Äòr,pos,5
hammaga tafsiya qilaman,pos,5
uzum marketga raxmat,pos,5
–±–∞—Ä–¥–∞–≤–æ–º –±—É–ª—Å–∏–Ω –∑–æ—Ä,pos,5
puliga arziydi,pos,5
puliga yarasha,pos,5
yaxshi soat,pos,5
buyurtma berganmda 2kunda keladi diyilgandi lekin ertasi kuni keldi zor,pos,5
Judayam zor keld faqat karopkasi yirtigini etmaganda nu normüòò,pos,5
opkelish Kerner yoqmad kechas opkeld tongilab gapird bzaga,pos,5
raqamlari qora ranglisidan zakaz bergandm oq rangda keldi,pos,5
"–ú–∞–Ω–≥–∞ –π–æ–∫–¥–∏ , –∂—É–¥–∞ —á–∏—Ä–æ–π–ª–∏ –≤–∞ —Å–∏—Ñ–∞—Ç–ª–∏ –Ω–∞—Ä—Ö–∏—è–º –∂—É–¥–∞ –∞—Ä–∑–æ–Ω",pos,5
"–í—Å–µ –æ—Ç–ª–∏—á–Ω–æ, –æ—á–µ–Ω—å –∫–∞—á–µ—Å—Ç–≤–µ–Ω–Ω—ã–µ —á–∞—Å—ã , —Å–ø–∞—Å–∏–±–æ –±–æ–ª—å—à–æ–µ",pos,5
"Manga rosa yoqdi, podaekagayam olaman zorakan",pos,5
sovgaga bosa olilar qutilari bn akuratniy,pos,5
"menga yoqdi, olishilarni tavsiya qilaman",pos,5
—Å–æ–≤–≥–∞–≥–∞ —è—Ö—à–∏ –µ–∫–∞–Ω —Ç–∞–≤—Å–∏—è –±–µ—Ä–∞–º–∞–Ω,pos,5
Ishlab chiqaruvchiga rahmat,pos,5
judayam zur tavsiya beraman,pos,5
"skro'mniy, menga yoqdi",pos,5
maslahat beraman olila,pos,5
sovg ªa uchun rahmat,pos,5
sovg‚Äòasi zo‚Äòr ekan,pos,5
masslahat beraman,pos,5
zor bunaqasi yoq,pos,5
Tafsiya beraman,pos,5
kutganda yaxshi,pos,5
buyurtma berganmda 2kunda keladi diyilgandi lekin ertasi kuni keldi zor,pos,5
Judayam zor keld faqat karopkasi yirtigini etmaganda nu normüòò,pos,5
opkelish Kerner yoqmad kechas opkeld tongilab gapird bzaga,pos,5
raqamlari qora ranglisidan zakaz bergandm oq rangda keldi,pos,5
"–ú–∞–Ω–≥–∞ –π–æ–∫–¥–∏ , –∂—É–¥–∞ —á–∏—Ä–æ–π–ª–∏ –≤–∞ —Å–∏—Ñ–∞—Ç–ª–∏ –Ω–∞—Ä—Ö–∏—è–º –∂—É–¥–∞ –∞—Ä–∑–æ–Ω",pos,5
"–í—Å–µ –æ—Ç–ª–∏—á–Ω–æ, –æ—á–µ–Ω—å –∫–∞—á–µ—Å—Ç–≤–µ–Ω–Ω—ã–µ —á–∞—Å—ã , —Å–ø–∞—Å–∏–±–æ –±–æ–ª—å—à–æ–µ",pos,5
"Manga rosa yoqdi, podaekagayam olaman zorakan",pos,5
sovgaga bosa olilar qutilari bn akuratniy,pos,5
"menga yoqdi, olishilarni tavsiya qilaman",pos,5
—Å–æ–≤–≥–∞–≥–∞ —è—Ö—à–∏ –µ–∫–∞–Ω —Ç–∞–≤—Å–∏—è –±–µ—Ä–∞–º–∞–Ω,pos,5
—Ö–æ—Ä–æ—à–∏–µ –∏ –∫—Ä–∞—Å–∏–≤—ã–µ —á–∞—Å—ã.,pos,5
olishmi tafsiya qilaman,pos,5
hammaga tavsiya qilaman,pos,5
hech narsa,pos,5
Bomidi,pos,5
Norm,pos,5
buyurtma berganmda 2kunda keladi diyilgandi lekin ertasi kuni keldi zor,pos,5
Judayam zor keld faqat karopkasi yirtigini etmaganda nu normüòò,pos,5
opkelish Kerner yoqmad kechas opkeld tongilab gapird bzaga,pos,5
raqamlari qora ranglisidan zakaz bergandm oq rangda keldi,pos,5
"–ú–∞–Ω–≥–∞ –π–æ–∫–¥–∏ , –∂—É–¥–∞ —á–∏—Ä–æ–π–ª–∏ –≤–∞ —Å–∏—Ñ–∞—Ç–ª–∏ –Ω–∞—Ä—Ö–∏—è–º –∂—É–¥–∞ –∞—Ä–∑–æ–Ω",pos,5
"–í—Å–µ –æ—Ç–ª–∏—á–Ω–æ, –æ—á–µ–Ω—å –∫–∞—á–µ—Å—Ç–≤–µ–Ω–Ω—ã–µ —á–∞—Å—ã , —Å–ø–∞—Å–∏–±–æ –±–æ–ª—å—à–æ–µ",pos,5
"Manga rosa yoqdi, podaekagayam olaman zorakan",pos,5
sovgaga bosa olilar qutilari bn akuratniy,pos,5
"menga yoqdi, olishilarni tavsiya qilaman",pos,5
—Å–æ–≤–≥–∞–≥–∞ —è—Ö—à–∏ –µ–∫–∞–Ω —Ç–∞–≤—Å–∏—è –±–µ—Ä–∞–º–∞–Ω,pos,5
olishilari maslahat beraman sotuvchiga uzumga kattakon rahmat savdoyilari barakasini bersinü§ù,pos,5
30-dekabr kuni qabul qilganman.Bugun 16-fevral.Quvvati hali ham tugagani yo'q,pos,5
olganimga 2 hafta bo ªldi lekin hali zarydag qo ªymadim zaryadi tugamayaptiü§£,pos,5
"–ü—Ä–µ—Ç–µ–Ω–∑–∏–π –ø–æ–∫–∞ –Ω–µ—Ç , —Ç–∞–∫ –∫–∞–∫ –∫—É–ø–ª–µ–Ω–æ –≤ –ø–æ–¥–∞—Ä–æ–∫ –Ω–∞ –ù–ì —Ä–µ–±–µ–Ω–∫—É.",pos,5
hammasi yaxshi puliga arziydi o ªylaganimdan judayam yaxshi,pos,5
"–†–∞—Ö–º–∞—Ç,–ö—É–Ω –∏—Å—Å–∏–≥–∏–¥–∞ –•–µ—á –∫–∞–Ω–¥–∞–π –∫–∏–π–∏–Ω—á–∏–ª–∏–∫—Å–∏–∑ –µ—Ç–∫–∞–∑–∏–±–±–µ—Ä–¥–∏",pos,5
rahmat juda ham zor chiqdi ishlatishni tavsiya qilaman,pos,5
O'zini puliga arzidi.Olishni maslahat beraman,pos,5
"Menga yoqdi, boshqalarga ham tavsiya beraman",pos,5
Vashshe zorüëçüëçüëç Sifatiyam –∫–∞—á–µ—Å—Ç–≤–∞—Å–∏—è–º –¥–∞—Ö—à–∞—Ç,pos,5
zor vapshe telefonda gaplashsa ovozlari tiniq raxmat,pos,5
juda zur xamyonbop narxda sifatli keldi rahmat,pos,5
Bu quloqchinni olganimdan xursandman! ‚ù§Ô∏è‚Äçüî•üëç,pos,5
—Å–ø–∞—Å–∏–±–æ —É–∑—É–º –º–∞—Ä–∫–µ—Ç –æ—á–µ–Ω —Ö–æ—Ä–æ—à–∏–π –¥–∏–∑–∞–π üòòüòçüòç,pos,5
tafsiya qlaman olila narxlari arzon ekan,pos,5
manga yoqdi tavsiya qilaman rahmat kotta,pos,5
tavsiya qilaman sifati yaxwi iwlawi ham,pos,5
–û–ª—à–∏ —Ç–∞—Ñ—Å–∏—è –∫–ª–∞–º–∞–Ω –∞–π—Ñ–æ–Ω–≥–∞—è–º –±–æ–ª–∞–¥ —É–ª–∞—Å–∞,pos,5
Rasmdagidek keldi.Uzum marketga rahmat.,pos,5
bemalol xarid qiling‚ù§Ô∏è‚ù§Ô∏è uzumga raxmat,pos,5
zor vapshe telefonda gaplashsa ovozlari tiniq raxmat,pos,5
juda zur xamyonbop narxda sifatli keldi rahmat,pos,5
Bu quloqchinni olganimdan xursandman! ‚ù§Ô∏è‚Äçüî•üëç,pos,5
—Å–ø–∞—Å–∏–±–æ —É–∑—É–º –º–∞—Ä–∫–µ—Ç –æ—á–µ–Ω —Ö–æ—Ä–æ—à–∏–π –¥–∏–∑–∞–π üòòüòçüòç,pos,5
tafsiya qlaman olila narxlari arzon ekan,pos,5
manga yoqdi tavsiya qilaman rahmat kotta,pos,5
tavsiya qilaman sifati yaxwi iwlawi ham,pos,5
–û–ª—à–∏ —Ç–∞—Ñ—Å–∏—è –∫–ª–∞–º–∞–Ω –∞–π—Ñ–æ–Ω–≥–∞—è–º –±–æ–ª–∞–¥ —É–ª–∞—Å–∞,pos,5
Rasmdagidek keldi.Uzum marketga rahmat.,pos,5
bemalol xarid qiling‚ù§Ô∏è‚ù§Ô∏è uzumga raxmat,pos,5
yaxshi ishlirkan,pos,5
maslahat beraman,pos,5
Puliga yarasha,pos,5
—Ç–∞–≤—Å–∏—è –∫–ª–∞–º–∞–Ω,pos,5
yaxshi keladi,pos,5
menga yoqdi,pos,5
Sifatli,pos,5
olilar,pos,5
zoor,pos,5
Yoq,pos,5
zor vapshe telefonda gaplashsa ovozlari tiniq raxmat,pos,5
juda zur xamyonbop narxda sifatli keldi rahmat,pos,5
Bu quloqchinni olganimdan xursandman! ‚ù§Ô∏è‚Äçüî•üëç,pos,5
—Å–ø–∞—Å–∏–±–æ —É–∑—É–º –º–∞—Ä–∫–µ—Ç –æ—á–µ–Ω —Ö–æ—Ä–æ—à–∏–π –¥–∏–∑–∞–π üòòüòçüòç,pos,5
tafsiya qlaman olila narxlari arzon ekan,pos,5
manga yoqdi tavsiya qilaman rahmat kotta,pos,5
tavsiya qilaman sifati yaxwi iwlawi ham,pos,5
–û–ª—à–∏ —Ç–∞—Ñ—Å–∏—è –∫–ª–∞–º–∞–Ω –∞–π—Ñ–æ–Ω–≥–∞—è–º –±–æ–ª–∞–¥ —É–ª–∞—Å–∞,pos,5
Rasmdagidek keldi.Uzum marketga rahmat.,pos,5
bemalol xarid qiling‚ù§Ô∏è‚ù§Ô∏è uzumga raxmat,pos,5
Yaxshi nanushnigimga tushdi,pos,5
–æ—á–µ–Ω—å –∫—Ä–∞—Å–∏–≤–∞—è –∏ –∫–ª–∞—Å—Å–Ω–∞—è,pos,5
Sifatiga gap yoq‚ù§Ô∏è,pos,5
hohlaganimdek ekan,pos,5
Maslahat beraman,pos,5
–º–Ω–µ –ø–æ–Ω—Ä–∞–≤–∏–ª–æ—Å—å,pos,5
Tafsiya qilaman,pos,5
tavsiya qilaman,pos,5
–ó–æ—Ä —Ä–∞—Ö–º–∞—Ç—á–∞–ª–∞—Ä,pos,5
manga yoqdi,pos,5
"Rosa yoqudi manga oldin ham oludim yoqotib qoydimüò≠hozi yana zakaz qludim kecha bugun uje qolimda rahmat kattakon maslahat beraman olishlarini 
10/10qoyaman ishlashiga
Yonida padarkalari ucn alohida rahmat‚ú®‚ù§Ô∏è",pos,5
–º–∞–Ω –∫—É—Ç–≥–∞–Ω–¥–µ–∫ —É–∑–∏–º —Ö–æ—Ö–ª–∞–≥–∞–Ω–¥–µ–∫ –ø—É–ª–∏–≥–∞ –∂—É–¥–∞—è–º –∞—Ä–∑–∏–π–¥–∏ —Ç–µ–∑ —É–ª–∞–Ω–∞–¥–∏ —Ö–∞–º–º–∞ –Ω–∞—Ä—Å–∞—Å–∏ –∏—à–ª–∏–π–¥–∏ –∫—É–ª–æ–≥–∏–¥–∞–≥–∏ —Ä–µ–∑–∏–Ω–∫–∞–ª–∞—Ä–∏ 2 —Ç–∞ –∫—É—à–∏–± –±–µ—Ä–∏–ª–≥–∞–Ω –º–∞—Å–ª–∞—Ö–∞—Ç –±–µ—Ä–∞–º–∞–Ω —Ö–∞–º–º–∞–≥–∞ –∂—É–¥–∞—è–º –æ–≤–æ–∑–∏ —è—Ö—à–∏ –±–æ–Ω—É—Å–∏–≥–∞ –∑–∞—Ä—è–¥—á–∏–∫ –≤–∞ —á–µ—Ö–æ–ª —Ä–∞—Ö–º–∞—Ç,pos,5
"olganimga ancha bo ªldi ishlatib ko ªrib keyin , izoh yozyapman puliga 2 martalab arzirkan , olilar maslahat bermang hamam do ªstlarimga yam tavsiya qildim .
Hush muomala sotuvchi va operatorlar ga ham rahmat",pos,5
"–ñ—É–¥–∞—è–º —Å–∏—Ñ–∞—Ç–ª–∏ –π–µ—Ç–∏–± –∫–µ–ª–¥–∏, –æ–≤–æ–∑–∏—è–º —á—ë—Ç–∫–∏, 2 —Ç–∞ –∫–∞–±–µ–ª–∏ +—á–µ—Ö–æ–ª–∏ –±–æ—Ä —ç–∫–∞–Ω –∂—É–¥–∞ —Ö—É—Ä—Å–∞–Ω–¥ –±–æ–ª–¥–∏–º, —Ç–µ–º –±–æ–ª–µ–µ –æ—Ä–∏–≥–∏–Ω–∞–ª —ç–∫–∞–Ω,–±—É –Ω–∞—Ä—Ö–≥–∞ –±–æ–∑–æ—Ä–¥–∞–Ω –û—Ä–∏–≥–∏–Ω–∞–ª–∏–Ω–∏ —Ç–æ–ø–∏—à –∫–∏–π–∏–Ω, –¢–∞–≤—Å–∏—è –±–µ—Ä–∞–º–∞–Ω –±–µ–º–∞–ª–æ–ª –æ–ª–∞–≤–µ—Ä–∏–Ω–≥–ª–∞—Ä",pos,5
"Dubai,ANC va Premium turdagilarini ham ishlatib ko'rdim bu xaridimdan so'ng narx arzon yoki qimmatligi ayrim joylarda ahamiyatsizdek ko'rinib qoldi. Mahsulotga gap yo'q.",pos,5
"Naushniklar zur ekan, srazu 2 ta zakaz qildim, ovozlari chotkiy, juda yoqdi. Qushimcha chexol, 2 ta zaryadnik kabeli ham sovga ekan, katta rahmat kachestvasiga gap yuqüëç",pos,5
haqiiy arginal bulutus ekan soxta yoki tufta emas ekan olganimga 3 kun buldi hali ham zaryadi ulgani yu telfon kelganda gaplashishga ham judayam qulay ekan üòò,pos,5
"tavsiya qilaman hamma aytilgan funksiyalari ishlamoqda shovqin joyda ishlayman ovozi baland, gaplashganimda ham meni ovozim yaxshi boryapti",pos,5
Mahsulot ichida kop sovg‚Äôalar ham keldi bu uchun alohida raxmat Airpods pro i  zaryadck kabel 2 ta i chexol raxmat hammasi uchun‚úäüèªü§ùüèª,pos,5
Juda yoqdi manga ovoziyam baln tinu ichidan hamma narsasi bilan chiqarkan vawe supar narxiga zor lkn bundanam qimmatka arzidi atak,pos,5
Menga yoqdi zor zaryad yetishi ham zor Raxmat,pos,5
Sifati zo'r Menga yoqdi Tafsiya qilaman‚ù§Ô∏è‚Äçüî•,pos,5
"–ü–æ—Å—Ç–∞–≤–∏–ª 5 –∑–≤—ë–∑–¥, —Ö–æ—Ç—è –ø—Ä–∞–≤–∏–ª—å–Ω–µ–µ 4.5*",pos,5
–∂—É–¥–∞ —è“õ—à–∏ –∞–ª—à–∏–≥–∏–∑–≥–∞ —Ç–∞–≤—Å–∏—è “õ–∏–ª–∞–º–∞–Ω üëçüëç,pos,5
"Judayam zo ªr keldi,tavsiya qilaman",pos,5
Boshqa model naushnik keldi,pos,5
olishni maslahat beraman,pos,5
Olishni maslahat beramn,pos,5
—è—Ö—à–∏ –µ–∫–∞–Ω —á–∏—Ä–æ–ª–∏ —Ö–∞–º,pos,5
hammasi kutganimdek,pos,5
zor vapshe telefonda gaplashsa ovozlari tiniq raxmat,pos,5
juda zur xamyonbop narxda sifatli keldi rahmat,pos,5
Bu quloqchinni olganimdan xursandman! ‚ù§Ô∏è‚Äçüî•üëç,pos,5
—Å–ø–∞—Å–∏–±–æ —É–∑—É–º –º–∞—Ä–∫–µ—Ç –æ—á–µ–Ω —Ö–æ—Ä–æ—à–∏–π –¥–∏–∑–∞–π üòòüòçüòç,pos,5
tafsiya qlaman olila narxlari arzon ekan,pos,5
manga yoqdi tavsiya qilaman rahmat kotta,pos,5
tavsiya qilaman sifati yaxwi iwlawi ham,pos,5
–û–ª—à–∏ —Ç–∞—Ñ—Å–∏—è –∫–ª–∞–º–∞–Ω –∞–π—Ñ–æ–Ω–≥–∞—è–º –±–æ–ª–∞–¥ —É–ª–∞—Å–∞,pos,5
Rasmdagidek keldi.Uzum marketga rahmat.,pos,5
bemalol xarid qiling‚ù§Ô∏è‚ù§Ô∏è uzumga raxmat,pos,5
Birak chiqdi qaytarish ilojisi bormi?,neg,1
–ú–æ–∂–Ω–æ –ª–∏ –ø–æ–º–µ–Ω—è—Ç—å —Ç–æ–≤–∞—Ä?????,neg,1
Sifatsiz ekan ob otirmela,neg,1
Navushnik zakaz qilgandim oldim zakazimni uyga kelib ochib qarasam katta tayepsi navushnik ekan.Shuni endi qaytarib yuborolamanmi?,pos,5
10kundan buyon ishlatayapman. Kamchilik sezmayapman.,pos,5
simlari nozik ekan uzulib qolmaydi degan umiddaman,pos,5
Maslahat beraman sotib olishni puliga arziydi,pos,5
–ø–æ—Å–æ–≤–µ—Ç–æ–≤–∞–ª–∞ –ø–æ–¥—Ä—É–≥–µ –æ–Ω–∞ —Ç–æ–∂–µ –≤ –≤–æ—Å—Ç–æ—Ä–≥–µ,pos,5
Sifatli ekan olishni tavsiya qilaman,pos,5
"–û—á–µ–Ω—å –¥–æ–≤–æ–ª–µ–Ω –ø–æ–∫—É–ø–∫–æ–π, —Å–æ–≤–µ—Ç—É—é –≤—Å–µ–º",pos,5
–æ—á–µ–Ω—å —Ö–æ—Ä–æ—à–∏–π —Ä–∞–±–æ—Ç–∞–µ—Ç –±–µ–∑ —à—É–º–Ω–æ –∏ –±–æ–ª—å—à–æ–π —Å–ø–∞—Å–∏–±–æ —É–∑—É–º,pos,5
"–û—Ç–ª–∏—á–Ω–∞—è –∫–∞–º–µ—Ä–∞,–∫–æ–º–ø–∞–∫—Ç–Ω–∞—è,–∫–∞–∫ —Ä–∞–∑ –¥–ª—è –¥–æ–º–∞.",pos,5
–∑—É—Ä –∏—à–ª–∞—à–∏ —Å—É–≤–ª–∞ –º—É–∑–ª–∞–± –∫–æ–≤–∞—Ç–∏.,pos,5
–ø–æ–∫–∞ —Ä–∞–±–æ—Ç–∞–µ—Ç!–æ—Ç–ª–∏—á–Ω–æ —Å–ø–∞—Å–∏–±–æ!,pos,5
–°–ø–∞—Å–∏–±–æ —Ä–∞–±–æ—Ç–∞–µ—Ç —Ä–∞–¥—É–µ—Ç!,pos,5
–•–æ–∑–∏—Ä—á–∞ —è—Ö—à–∏ –∏—à–ª–∞—è–ø—Ç–∏,pos,5
–†–∞–±–æ—Ç–∞–µ—Ç –æ—á–µ–Ω—å —Ö–æ—Ä–æ—à–æ,pos,5
–∫–æ–∑ —Ç–µ–≥–º–∞—Å–∏ –∑–æ—Ä —ç–∫–∞–Ω,pos,5
–¥–ª—è –¥–æ–º–∞ –ø–æ–π–¥–µ—Ç,pos,5
–•–æ—Ä–æ—à–æ —Ä–∞–±–æ—Ç–∞—Ç—å,pos,5
–∞—Å—Å–∞–ª–æ–º—É –∞–ª–∞–π–∫—É–º –±—É–≥—É–Ω –∫–ª–µ–æ –º—É–∑–ª–∞—Ç–≥–∏—á–∏–Ω–∏ –æ–ª–≥–∞–Ω–¥–∏–º –∏—à–ª–∞–º–∞—è–±–¥–∏ —É—Å—Ç–∞—Å–∏–Ω–∏ –∂—É–Ω–∞—Ç–∞—Å–∏–ª–∞—Ä–º–∏ .—è–Ω–≥–∏—Å–∏–≥–∞ –∞–ª–º–∞—à—Ç–∏—Ä–∏–± –±–µ—Ä–∏–Ω–≥ –º—É–∑–ª–∞—Ç–≥–∏—á–≥–∞ –∏—à–æ–Ω–∏–± 80–∫–≥ –≥—É—à—Ç –æ–ª–≥–∞–Ω–º–∞–Ω –∞–π–Ω–∏–± –∫–µ—Ç–∞–¥–∏. –∫–∞–π–∏—Ä–≥–∞ –º—É—Ä–æ–∂–∞—Ç –∫–∏–ª—Å–∞–º —Ö–∞–º –∞–Ω–∏–∫ –∂–∞–≤–æ–± –æ–ª–æ–ª–º–∞–¥–∏–º.–±–∏—Ä–∞–∫ –Ω–∞—Ä—Å–∞–Ω–∏ –±–µ—Ä–∏–±–¥–∏.,pos,5
"kichkina deb uyludim,kotta zur ekan,ishlashi umuman super.kompressor xaqiqatanam LG ekan.uzumga raxmat uyimgacham opkeberdi.uzum bozorni sidiradiyov bu ketishda.",pos,5
–Ω–µ —Å–º–æ—Ç—Ä—è –Ω–∞ –≤—Å–µ –æ—Ç–∑—ã–≤—ã –ø–∞—à–µ—Ç –∫–∞–∫ –Ω–µ –≤ —Å–µ–±–µ –≤—Å–µ —á–µ—Ç–∫–æ –∏ –ø—Ä–æ–±–ª–µ–º —Å –ø–æ–≤—Ä–µ–∂–¥–µ–Ω–∏–µ–º –Ω–µ –±—ã–ª–æ –ø—Ä–∏–≤–µ–∑–ª–∏ –±—ã—Å—Ç—Ä–æ –µ–¥–∏–Ω—Å—Ç–≤–µ–Ω–Ω–æ–µ –∏–Ω–æ–≥–¥–∞ —à—É–º–∏—Ç –∏ –æ—Ç –æ—Ö–ª–∞–∂–¥–µ–Ω–∏—è —Ç—è–∂–µ–ª–æ –æ—Ç–∫—Ä—ã—Ç—å,pos,5
juda ham sifati a ºlo darajada muzlatishi juda zo ªr. Kafolat haqida hech nima deyilmagan ekan kafolati qancha buni ???,pos,5
"—ë–∑–∏–ª–≥–∞–Ω –∫—É–Ω–∏–¥–∞–Ω –∫–µ—á –∫–µ–ª–¥–∏ –ª–µ–∫–∏–Ω —è—Ö—à–∏ –∏—à–ª–∞—è–±–¥–∏,–†–ê–•–ú–ê–¢,–∫–æ—Ä–ø—É—Å–∏ “õ–∞—Ç—Ç–∏“õ “õ–∏–∑–∏—è–±—Ç–∏ –Ω–∏–º–∞–¥–∞–Ω –±–∏–ª–º–∏—Å–∏–ª–∞—Ä–º–∏?",pos,5
–∑–æ—Ä –∏—à–ª–∞—à–∏—è–º –∂—É–¥–∞ —è—Ö—à–∏. —Ö–µ—á –∫–∞–µ—Ä–∏ –∫–∏—Ä–∏–ª–º–∞–≥–∞–Ω —á–∏–∑–∏–ª–º–∞–≥–∞–Ω.,pos,5
–ñ—É–¥–∞ —è—Ö—à–∏ “≥–æ–ª–∞—Ç–¥–∞ –µ—Ç–∫–∞–∑–∏–± –±–µ—Ä–∏–ª–¥–∏. –†–∞“≥–º–∞—Ç! –ò—à–ª–∞—à–∏ —è—Ö—à–∏.,pos,5
"–ñ—É–¥–∞ —Ö–∞–º –∑—É—Ä, –≤–∞–∫—Ç–∏–¥–∞ –µ—Ç–∏–± –∫–µ–ª–¥–∏, —Å–æ—Ç—É–≤—á–∏–ª–∞—Ä–≥–∞ —Ä–∞—Ö–º–∞—Çüëç",pos,5
–°–ø–∞—Å–∏–±–æ —è –æ—á–µ–Ω—å —Ä–∞–¥–∞. –í –Ω–∞—á–∞–ª–µ –∫–æ–Ω–µ—á–Ω–æ –±—ã–ª–æ –∑–∞–¥–µ—Ä–∂–∫–∞.,pos,5
"–ö–∞–º–µ—Ä–∞ –ø–æ–Ω—Ä–∞–≤–∏–ª–∞—Å—å, –≤–º–µ—Å—Ç–∏—Ç–µ–ª—å–Ω–∞—è. –ú–æ—Ä–æ–∑–∏—Ç –æ—Ç–ª–∏—á–Ω–æ.",pos,5
—Ö–æ—Ä–æ—à–∞—è –±—É–º–∞–≥–∞ –¥–ª—è –æ—Ñ–∏—Å–∞ –∏–ª–∏ –¥–ª—è –¥–æ–º–∞ –¥–µ—Ç—è–º –æ–Ω–∞ –±–µ–∂–µ–≤–æ–≥–æ —Ü–≤–µ—Ç–∞ –∫–∞–∫ —Å–≤–µ—Ä—Ö—É –æ–±–ª–æ–∂–∫–∞,pos,5
–ü–æ–ª–Ω—ã–π –≤–æ—Å—Ç–æ—Ä–≥! –û—Ç–Ω—ã–Ω–µ —Ç–æ–ª—å–∫–æ —Ç–∞–∫—É—é –±—É–¥—É –∏—Å–ø–æ–ª—å–∑–æ–≤–∞—Ç—å! –°–ø–∞—Å–∏–±–æ –æ–≥—Ä–æ–º–Ω–æ–µ!,pos,5
A4 qog'oz yaxshi arzon. ammo pachka ichida hammasi shunaqa chiqyapti.,pos,5
uzum marketning  yetkazib berish xizmatiga gap yo. tovar ham yaxshi,pos,5
"—Å–ø–∞—Å–∏–±–æ –£–∑—É–º ü•∞ 
–∫–∏—Ç–æ–± —á–∏–∫–∞—Ä–∏—à —É—á—É–Ω –æ–ª–¥–∏–º –∫–æ–∑–Ω–∏ –æ–≥—Ä–∏—Ç–º–∏–¥–∏ —Ä–∞–Ω–≥–∏",pos,5
boriga shukr behisob yaxshi mayli raxmat uzum market,pos,5
barcha tavarlarimni oldim sifat puliga yarasha.....,pos,5
huddi rasmdagidek yetib keldi uzumga kotta raxmat,pos,5
raxmat. butun yetib keldi. menga yoqdi,pos,5
Yaxshi ekan. rangi ko ªzni og ªritmaydi,pos,5
"man hamisha uzum marketdan sotib olaman 
Hodimlarga katta rahmat Alloh rozi b√≤lsin",pos,5
"vaqtida yetib keldi
Puli yanada arzon bo‚Äòlsa juda ham mamnun bo‚Äòlardim",pos,5
kasha 2 safardan beri kechikib kelyapti.Iltimos etiborli bo‚Äòlinglar,pos,5
–±–æ–ª–∞–º–≥–∞ —ë–∫–¥–∏ —É–∑—É–º –º–∞—Ä–∫–µ—Ç–≥–∞ –†–∞—Ö–º–∞—Ç –∞–∫—Ü–∏—è –¥–æ–∏–º –î–∞–≤–æ–º —ç—Ç—Å–∏–Ω,pos,5
"–°–ø–∞—Å–∏–±–æ –ø—Ä–æ–¥–∞–≤—Ü—É, —Å—Ä–æ–∫ –≥–æ–¥–Ω–æ—Å—Ç–∏ –≤ –ø–æ—Ä—è–¥–∫–µ –∏ —Ü–µ–Ω–∞ —Ö–æ—Ä–æ—à–∞—è",pos,5
Kabrita mahsulotlari bolajonim uchun eng yaxshi tanlov,pos,5
—Ö–æ—Ä–æ—à–∞—è –¥–µ—Ç—Å–∫–∞—è —Å–º–µ—Å—å.–°–ø–∞—Å–∏–±–æ –∑–∞ –±—ã—Å—Ç—Ä—É—é –¥–æ—Å—Ç–∞–≤–∫—É,pos,5
juda zur bolajonim ichaklari uchun juda foydali,pos,5
"—É–∑—É–º –∫–∞—Ä—Ç–∞ –¥–∞–Ω —Ç—ÉÃÅ–ª–∞—Å–∞–º 30 —Ñ–æ–∏–∑ –∫,–∞–π—Ç–∞—Ä–º–∞—è–ø—Ç–∏",pos,5
—Å—Ä–æ–∫–ª–∞—Ä–∏ —Ö–∞–º –∂–æ–π–∏ —Å–∏—Ñ–∞—Ç–∏ —Ö–∞–º –∞–ª–æ –¥–∞—Ä–∞–∂–∞–¥–∞ü•∞,pos,5
–ü–æ—Ä–∞–¥–æ–≤–∞–ª–æ —á—Ç–æ —Å—Ä–æ–∫ –æ—á–µ–Ω—å –¥–∞–∂–µ —Ö–æ—Ä–æ—à–∏–π,pos,5
—Ö–∞–ª–∏ –∏—à–ª–∞—Ç–∏–± –∫—û—Ä–º–∞–¥–∏–º –ª–µ–∫–∏–Ω ü•Øü•Ø,pos,5
"–º—É–∫–∞ —Ö–æ—Ä–æ—à–∞—è, —Ä–µ–∫–æ–º–µ–Ω–¥—É—é üëç",pos,5
—Ö–æ—Ä–æ—à–∞—è –º—É–∫–∞ —Å–ø–∞—Å–∏–±–æ —É–∑—É–º,pos,5
olishni tavsiya qilaman,pos,5
Tavsiya qilaman olila‚ù§Ô∏è,pos,5
–º–æ–∂–µ—Ç–µ –∑–∞–∫–∞–∑—ã–≤–∞—Ç—å,pos,5
—É–∑—É–º –º–∞—Ä–∫–µ—Ç –∑—ÉÃÅ—Ä,pos,5
–¥—ë—à–µ–≤–æ –∏ –±—ã—Å—Ç—Ä–æ,pos,5
kamchilik yuq,pos,5
üëçüëçüëç,pos,5
–∑–∞–ø–∞—Ö–∞ –Ω–µ—Ç. –ø–æ—Å–ª–µ –∏—Å–ø–æ–ª—å–∑–æ–≤–∞–Ω–∏–µ –∫–æ–∂–µ –ø—Ä–∏—è—Ç–Ω–æ,pos,5
–ú–∏—Ü–µ–ª–ª—è—Ä–∫–æ –ø—Ä–æ—Å—Ç–æ —Å—É–ø–µ—Ä üòçüòçüòç —Å–æ–≤–µ—Ç—É—é ü´∂üèª,pos,5
Lekin hali ishlatib ko'rmadim,pos,5
–º–∞–Ω–≥–∞ –µ–∫–¥–∏ —É–∑—É–º–≥–∞ —Ä–∞—Ö–º–∞—Ç,pos,5
–í—Å–µ –æ—Ç–ª–∏—á–Ω–æ üëç –∫–∞–∫ –≤—Å–µ–≥–¥–∞,pos,5
Hali ishlatib ko'rmadim,pos,5
Kutganimday keldi,pos,5
menga juda yozdi,pos,5
tavsiya qilaman,pos,5
tafsiya beraman,pos,5
"–ö–∞—à–∞ –ø–æ–ª—É—á–∏–ª–∞—Å—å –≤–∫—É—Å–Ω–æ–π, –±–µ–∑ –Ω–∏–∫–∞–∫–∏—Ö –ø–æ—Å—Ç–æ—Ä–æ–Ω–Ω–∏—Ö –∑–∞–ø–∞—Ö–æ–≤, –∫—Ä—É–ø–∞  —á–∏—Å—Ç–∞—è, –±–µ–∑ –º—É—Å–æ—Ä–∞.–†–µ–∫–æ–º–µ–Ω–¥—É—é. –°–ø–∞—Å–∏–±–æ –£–∑—É–º—É –∑–∞ –±—ã—Å—Ç—Ä—É—é –¥–æ—Å—Ç–∞–≤–∫—É,–∞ –ø—Ä–æ–¥–∞–≤—Ü–∞–º –∑–∞ —Ç–æ–≤–∞—Ä",pos,5
"–î–æ–∏–º–∏–π –∏—à–ª–∞—Ç–∞–º–∞–Ω –≥—Ä–µ—á–∫–∞–Ω–∏. –ö–∞—à–∞, –∫–æ—Ç–ª–µ—Ç –∫—û—Ä–∏–Ω–∏—à–∏–¥–∞ —Ç–∞–π—ë—Ä–ª–∞–π–º–∞–Ω. –ú–∞–Ω–≥–∞ —ë“õ–∞–¥–∏. –°–æ—Ç—É–≤—á–∏–≥–∞ –≤–∞ –£–∑—É–º –≥–∞ —Ä–∞“≥–º–∞—Ç. –¢–µ–∑ –≤–∞ —Å–∏—Ñ–∞—Ç–ª–∏ –∫–µ–ª–¥–∏.",pos,5
"–•–æ—Ä–æ—à–∞—è –∫—Ä—É–ø–∞. –ù–µ —Å–∫–∞–∑–∞—Ç—å —á—Ç–æ —Å—É–ø–µ—Ä –∫—Ä—É–ø–Ω–∞—è. –ë—Ä–∞–ª–∞ —Ä–∏—Å —ç—Ç–æ–π –º–∞—Ä–∫–∏, –æ—á–µ–Ω—å –Ω—Ä–∞–≤–∏—Ç—Å—è. –ö –≥—Ä–µ—á–∫–µ —Ç–æ–∂–µ –ø—Ä–µ—Ç–µ–Ω–∑–∏–π –Ω–µ—Ç.",pos,5
"–ì—Ä–µ—á–∫–∞ —Å—É–ø–µ—Ä, –≤—Å–µ–≥–¥–∞ –±–µ—Ä—É, –∞ –≤ —ç—Ç–æ—Ç —Ä–∞–∑ —Ü–µ–Ω–∞ –æ–±—Ä–∞–¥–æ–≤–∞–ª–∞, –µ—Å–ª–∏ —Ç–∞–∫-–∂–µ –±—É–¥–µ—Ç –ø–æ–¥–µ—à–µ–≤–ª–µ, –±—É–¥–µ–º –ø–æ–∫—É–ø–∞—Ç—å –µ—â—ë",pos,5
"–°–ø–∞—Å–∏–±–æ –£–∑—É–º—É –∑–∞ –∫–∞—á–µ—Å—Ç–≤–µ–Ω–Ω—ã–µ —Ç–æ–≤–∞—Ä—ã,–æ—Ç–ª–∏—á–Ω–æ —É–ø–∞–∫–æ–≤–∞–Ω –∏ —Å–∞–º –ø—Ä–æ–¥—É–∫—Ç –∫–∞—á–µ—Å—Ç–≤–µ–Ω–Ω—ã–π",pos,5
"–°–ø–∞—Å–∏–±–æ –ø—Ä–æ–¥–∞–≤—Ü—É –∏ –£–∑—É–º—á–∏–∫—É —Ç–æ–∂–µ, —Ç–æ—á—å –≤ —Ç–æ—á—å –∫–∞–∫ –≤ –∫–∞—Ä—Ç–∏–Ω–∫–µ —É–ø–∞–∫–æ–≤–æ—á–∫–∞‚ô•Ô∏è‚ô•Ô∏è‚ô•Ô∏èüëçüëçüëç",pos,5
"–û—á–µ–Ω—å —Ö–æ—Ä–æ—à–∞—è –≥—Ä–µ—á–∫–∞. –í—Å–µ–≥–¥–∞ –ø–æ–∫—É–ø–∞–µ–º. –ù–∞–º –æ—á–µ–Ω—å –Ω—Ä–∞–≤–∏—Ç—Å—è, 
–£–¥–∞—á–∏ –ø—Ä–æ–¥–∞–≤—Ü—É",pos,5
Olishni tavsiya qilamiz,pos,5
—Ä–µ–∫–æ–º–µ–Ω–¥—É—é –∫ –ø–æ–∫—É–ø–∫–µ.,pos,5
Har taraflama ma‚Äôqul,pos,5
qorqmay olaverilar,pos,5
—è—Ö—à–∏ –∑—É—Ä –∏—à–ª–∞—è–ø—Ç–∏,pos,5
uzumga ishonamiz,pos,5
—Ç–∞–≤—Å–∏—è –∫–∏–ª–∞–º–∞–Ω,pos,5
–•–∞–º–º–∞—Å–∏ –∑—û—Ä,pos,5
–†–µ–∫–æ–º–µ–Ω–¥—É—é.,pos,5
yaxshi,pos,5
–ö—É–ø–ª–µ–Ω –≤ –ø–æ–¥–∞—Ä–æ–∫ –±–∞–±—É–ª–µ. –î–ª—è –º–µ–ª–∫–æ–π —Å—Ç–∏—Ä–∫–∏,pos,5
Top toza qilib yuvdi bolalar kiyimini,pos,5
"–•–æ—Ä–æ—à–∞—è —É–¥–æ–±–Ω–∞—è –º–∞—à–∏–Ω–∫–∞, —Å–æ–≤–µ—Ç—É—é!",pos,5
maslahat beraman sifatiga gap yoq,pos,5
qizim juda xursand bo ªldi,pos,5
—è  –Ω–µ  –ø–æ–∂–∞–ª–µ–ª–∞.,pos,5
–£–∑—É–º –º–∞—Ä–∫–µ—Ç –∑—û—Ä,pos,5
o‚Äòz shlangi ham bor va tokini yig‚Äòib qo‚Äòysa bo‚Äòlarkan zo‚Äòr,pos,5
uzumni o ªzida ishlatib ko ªrib tekshirib oldim,pos,5
olishga arziydi puliga stout narsa,pos,5
yaxshi zo ªr. Uzumga katta Rahmat,pos,5
xammasi xozircha zur raxmat,pos,5
Ishlatib Yana izoh yozaman,pos,5
–ó—É—Ä —ç–∫–∞–Ω üëç —Ç–∞–≤—Å–∏—è –∫–∏–ª–∞–º–∞–Ω,pos,5
Xaridni tavsiya qilaman,pos,5
Menga juda yoqdi,pos,5
–†–µ–∫–æ–º–µ–Ω–¥—É—é.üëç,pos,5
Olishni tavsiya qilamiz,pos,5
—Ä–µ–∫–æ–º–µ–Ω–¥—É—é –∫ –ø–æ–∫—É–ø–∫–µ.,pos,5
Har taraflama ma‚Äôqul,pos,5
qorqmay olaverilar,pos,5
—è—Ö—à–∏ –∑—É—Ä –∏—à–ª–∞—è–ø—Ç–∏,pos,5
uzumga ishonamiz,pos,5
—Ç–∞–≤—Å–∏—è –∫–∏–ª–∞–º–∞–Ω,pos,5
–•–∞–º–º–∞—Å–∏ –∑—û—Ä,pos,5
–†–µ–∫–æ–º–µ–Ω–¥—É—é.,pos,5
yaxshi,pos,5
juda tez yetkazib beril,pos,5
dce yozuv nima uchun chiqyapti,neg,1
"–ú–∞—à–∏–Ω–∫–∞ –æ—á–µ–Ω—å –∫—Ä–∞—Å–∏–≤–∞—è, —Ä–∞–±–æ—Ç–∞–µ—Ç –±–µ–∑ —à—É–º–∞.. –í—Å–µ –∑–∞–ø—á–∞—Å—Ç–∏ –Ω–∞ –º–µ—Å—Ç–µ, –ø—Ä–∞–≤–¥–∞ –≤–æ–¥–æ–ø—Ä–æ–≤–æ–¥–Ω—ã–π —à–ª–∞–Ω–≥ –∫–æ—Ä–æ—Ç–∫–∏–π.. –ü–µ—Ä–≤—ã–π –¥–µ–Ω—å —Å—Ç–∏—Ä–∞–ª–∞, –ø–æ–∫–∞ —Ä–∞–±–æ—Ç–∞–µ—Ç —Ö–æ—Ä–æ—à–æ.. –°–ø—Ä–∞–≤–ª—è–µ—Ç—Å—è —Å–æ –≤—Å–µ–º–∏ –∑–∞–¥–∞—á–∞–º–∏.. –ü–ª–æ—Ö–æ —Ç–æ —á—Ç–æ –∫—Ä—ã—à–∫–∞ —Å–æ–≤—Å–µ–º —Ç—ë–º–Ω–∞—è –∏ –Ω–µ –≤–∏–¥–Ω–æ –±–µ–ª—å—è... –ö–ª–∞—Å—Å–Ω–æ —Ç–æ —á—Ç–æ –µ—Å—Ç—å –ø–æ–¥—Å–≤–µ—Ç–∫–∞.. –ù–∏ –≥–¥–µ –ø–æ–∫–∞ —á—Ç–æ –Ω–µ –ø—Ä–æ—Ç–∏–∫–∞–µ—Ç, –±–µ–∑ –¥–∏—Ñ–µ–∫—Ç–æ–≤.. –ì–∞—Ä–∞–Ω—Ç–∏–π–Ω—ã–π —Ç–∞–ª–æ–Ω –Ω–µ –∑–∞–ø–æ–ª–Ω–µ–Ω –∏ –Ω–µ—Ç –ø–µ—á–∞—Ç–∏ —ç—Ç–æ –Ω–µ —Ö–æ—Ä–æ—à–æ.. –ê —Å–∞–º–∞ –º–∞—à–∏–Ω–∫–∞ —Å—É–ø–µ—Ä –æ—á–µ–Ω—å –ø–æ–Ω—Ä–∞–≤–∏–ª–æ—Å—å –º–Ω–µ –∏ –º–æ–µ–π —Å–µ–º—å–µ.. –ù–∞–¥–µ—é—Å—å —á—Ç–æ –ø—Ä–æ—Å–ª—É–∂–∏—Ç –¥–æ–ª–≥–æ...",pos,5
"–í—á–µ—Ä–∞ —É—Å—Ç–∞–Ω–æ–≤–∏–ª–∞ –º–∞—à–∏–Ω–∫—É,–∑–∞–ø—É—Å—Ç–∏–ª–∞ –≤ —Ä–µ–∂–∏–º–µ –±–µ–∑ –±–µ–ª—å—è. –ú–Ω–µ –æ—á–µ–Ω—å –ø–æ–Ω—Ä–∞–≤–∏–ª–∞—Å—å. –î–∏–∑–∞–π–Ω –∫–ª–∞—Å—Å–Ω—ã–π,–Ω–µ —à—É–º–Ω–∞—è. –ù–∞–¥–µ—é—Å—å –ø—Ä–æ—Å–ª—É–∂–∏—Ç –¥–æ–ª–≥–æ. –°–ø–∞—Å–∏–±–æ –ø—Ä–æ–¥–∞–≤—Ü–∞–º –∏ —É–∑—É–º—Éü•∞",pos,5
"–æ—á–µ–Ω—å –Ω–∞–¥–µ—é—Å—å,—á—Ç–æ –ø—Ä–æ—Å–ª—É–∂–∏—Ç –¥–æ–ª–≥–æ.–ö—É—Ä—å–µ—Ä–∞–º –∏ –£–∑—É–º—É ,–æ—Ç–¥–µ–ª—å–Ω–∞—è –±–ª–∞–≥–æ–¥–∞—Ä–Ω–æ—Å—Ç—å.–í–µ–∂–ª–∏–≤—ã–µ —Ä–µ–±—è—Ç–∞.–î–æ–Ω–µ—Å–ª–∏ –±–µ–∑ –ø—Ä–æ–±–ª–µ–º –¥–æ 5 —ç—Ç–∞–∂–∞.",pos,5
Birinchi marta bunaqa kiimoshina ishlatyabman lekin juda ham ishni yengil qilarkan avval yarimavtamat ishlatardim bu juda yaxshi ekan ayniqsa shovqinsiz ham qulay,pos,5
"–∂—É–¥–∞ —è—Ö—à–∏, –ø—É–ª–∏–≥–∞ –∞—Ä–∑–∏–π–¥–∏, –º–µ–Ω–≥–∞ —ë“õ“õ–∞–Ω–∏ 15 –¥–∞“õ–∏“õ–∞–ª–∏–∫ —Ñ—É–Ω–∫—Ü–∏—è—Å–∏ “≥–∞–º –±–æ—Ä —ç–∫–∞–Ω, –±–∏—Ä –º–∞—Ä—Ç–∞ –±—É–≥—É–Ω–æ–∫ –∏—à–ª–∞—Ç–∏–± –∫—É—Ä–¥–∏–º, —Ö–æ–∑–∏—Ä—á–∞ “≥–∞–º–º–∞—Å–∏ —è—Ö—à–∏, –ª–µ–∫–∏–Ω 3 –∫—É–Ω –∫–µ—á–∏–∫–∏–± –∫–µ–ª–¥–∏",pos,5
"–ü—è—Ç—å –º–∏–Ω—É—Ç –ø–æ–ª–µ—Ç –Ω–æ—Ä–º–∞–ª—å–Ω—ã–π!! 
–û—á–µ–Ω—å –ø–æ–Ω—Ä–∞–≤–∏–ª–∞—Å—å. –ü–æ–¥–∫–ª—é—á–∏–ª,, –ø—Ä–æ—Ç–µ—Å—Ç–∏–ª –Ω–∞ ""–±—ã—Å—Ç—Ä–æ–π —Å—Ç—Ä–∏—Ä–∫–µ""üëç üëç üëç –í—Å—ë –æ—Ç–ª–∏—á–Ω–æ! –î–∞–ª—å—à–µ –ø–æ–∫–∞–∂–µ—Ç –≤—Ä–µ–º—è. –†–µ–∫–æ–º–µ–Ω–¥—É—é",pos,5
"–∞—Å—Å–∞–ª–æ–º—É –∞–ª–µ–∫—É–º –º–∞—à–∏–Ω–∫–∞ —è—Ö—à–∏ —ë–∫–¥–∏—á–∏—Ä–æ–π–ª–∏ —É–ø–∞–∫–æ–≤–∫–∞ –¥–∞ –∫–µ–ª–¥–∏.—Å–∞–≤–æ–ª–∏–º –±–æ—Ä–∏–¥–∏ –∏—à–ª–∞–± —Ç—É—Ä–∏–± Ei —á–∏–∫–∏–± –∫–æ–ª—è–ø—Ç–∏ 2,3–º–∏–Ω—É—Ç –∞–π–ª–∞–Ω–∏–± —à—É–Ω–≥–∞ –ù–∏–º–∞ –∫–∏–ª–∞–º–∞–Ω",pos,5
"–û—Ç–ª–∏—á–Ω–æ —Ä–∞–±–æ—Ç–∞–µ—Ç,–±—ã—Å—Ç—Ä–∞—è –¥–æ—Å—Ç–∞–≤–∫–∞ –≤—Å–µ —Å—É–ø–µ—Ä.–ì–õ–ê–í–ù–û–ï –ë–ï–ó –®–£–ú–ê –°–¢–ò–†–ê–ï–¢üëç–∏ –ù–ï —Ç—Ä–µ—Å–µ—Ç –≤–æ–≤—Ä–µ–º—è –æ—Ç–∂–∏–º–∞ –∫–∞–∫ –Ω–µ–∫–æ—Ç–æ—Ä—ã–µ.
–±–ª–∞–≥–æ–¥–∞—Ä—é –∑–∞ —Ç–æ–≤–∞—Ä.",pos,5
"—Ä–∞–±–æ—Ç–∞–µ—Ç –Ω–∞ –æ—Ç–ª–∏—á–Ω–æ,—ç–∫–æ–Ω–æ–º–∏—á–Ω–∞,–ø—Ä–∞–∫—Ç–∏—á–Ω–∞ –∏ –ø—Ä–æ—Å—Ç–∞ –≤ –∏—Å–ø–æ–ª—å–∑–æ–≤–∞–Ω–∏–∏...–Ω–µ —à—É–º–∏—Ç,–Ω–µ –¥—Ä–µ–±–µ–∑–∂–∏—Ç... —Ä–∞–±–æ—Ç–∞–µ—Ç –Ω–µ —Ö—É–∂–µ –±—Ä–µ–Ω–¥–æ–≤—ã—Ö, —Å–æ–≤–µ—Ç—É—é",pos,5
"–ö—É–ø–∏–ª, —Å—Ç–∏—Ä–∞–ª–∫–∞ —Ä–∞–±–æ—Ç–∞–µ—Ç —Ö–æ—Ä–æ—à–æ. –î–æ—Å—Ç–∞–≤–∏–ª–∏ –≤–æ–≤—Ä–µ–º—è. –ù–æ –æ–¥–∏–Ω –≤–æ–ø—Ä–æ—Å –∫ –ø—Ä–æ–¥–∞–≤—Ü—É, –æ—Ç—Å—É—Ç—Å—Ç–≤—É–µ—Ç –≥–∞—Ä–∞–Ω—Ç–∏–π–Ω—ã–π —Ç–∞–ª–æ–Ω, –∫–∞–∫ –µ–≥–æ –ø–æ–ª—É—á–∏—Ç—å?",pos,5
"–ú–∞—à–∏–Ω–∫–∞ –æ—Ç–ª–∏—á–Ω–∞—è –Ω–∞ 6 –∫–≥ –±—Ä–∞–ª–∏ , —Ö–æ—Ä–æ—à–æ –≤–ø–∏—Å–∞–ª–∞—Å—å –ø–æ —Ü–≤–µ—Ç—É , –æ—Ç–ª–∏—á–Ω–æ —Ä–∞–±–æ—Ç–∞–µ—Ç. —Ä–µ–∫–æ–º–µ–Ω–¥—É—é. –ë–æ–ª—å—à–æ–µ —Å–ø–∞—Å–∏–±–æ –ø—Ä–æ–¥–∞–≤—Ü—É!!!",pos,5
olishni tavsiya qilaman hozirda yaxshi ishlayabdi hudo hohlasa shunde ishledi deb umid qlaman. Puliga arzidikan,pos,5
"–ú–∞—à–∏–Ω–∫–∞ —Å—É–ø–µ—Ä, —É—Å—Ç–∞–Ω–æ–≤–∏–ª–∏ –≤—Å–µ –ø–æ –∏–Ω—Å—Ç—Ä—É–∫—Ü–∏–∏ 
–°—Ç–∏—Ä–∞–µ—Ç –æ—Ç–ª–∏—á–Ω–æ –∏ –æ—á–µ–Ω—å —Ç–∏—Ö–æ, –æ—Ç–∂–∏–º —Ö–æ—Ä–æ—à–∏–π(–ø–æ—á—Ç–∏ —Å—É—Ö–∏–µ –≤–µ—â–∏)",pos,5
"–ü–æ–ø—Ä–æ—Å–∏–ª –ø–æ–¥–Ω—è—Ç—å –¥–æ —ç—Ç–∞–∂–∞, —Ç–∞–∫ –∫–∞–∫ –¥–æ–º–∞ –±—ã–ª–∞ –æ–¥–Ω–∞ —Å–µ—Å—Ç—Ä–µ–Ω–∫–∞, –æ–Ω–∏ —Ä–∞–∑–≤–µ—Ä–Ω—É–ª–∏—Å—å –∏ —É–µ—Ö–∞–ª–∏.",pos,5
"–º–∞—à–∏–Ω–∫—É –¥–æ—Å—Ç–∞–≤–∏–ª–∏ –±—ã—Å—Ç—Ä–æ, –¥–∞–∂–µ –ø–æ–¥–Ω—è–ª–∏ –Ω–∞ 4 —ç—Ç–∞–∂, –Ω–æ –Ω–µ—Ç –≥–∞—Ä–∞–Ω—Ç–∏–π–Ω–æ–≥–æ —Ç–∞–ª–æ–Ω–∞",pos,5
"–ë—ã—Ç–æ–≤—É—é —Ç–µ—Ö–Ω–∏–∫—É,—Ö–æ—Ç–∏—Ç–µ –∫—É–ø–∏—Ç—å,–ª—É—á—à–µ —á–µ—Ä–µ–∑ –º–∞–≥–∞–∑–∏–Ω.–¢–∞–º –≤–∏–¥–Ω–æ —á—Ç–æ –∑–∞ —Ç–æ–≤–∞—Ä.",pos,5
"–°–ø–∞—Å–∏–±–æ —É–∑—É–º –º–∞—Ä–∫—É,–∑–∞ –¥–æ—Å—Ç–∞–≤–∫—É, –ø–æ–º–æ–≥–ª–∏ –ø–æ–¥–Ω—è—Ç—å –º–∞—à–∏–Ω–∫—É –¥–æ –¥–≤–µ—Ä–µ–π",pos,5
—É–∑—É–º –º–∞—Ä–∫–µ—Ç–≥–∞ —Ä–∞—Ö–º–∞—Ç –±–∞—Ä—á–∞ –¥—É–∫–æ–Ω–ª–∞—Ä–¥–∞–Ω –∞—Ä–∑–æ–Ω—Ä–æ–∫ —Ç–∞–≤—Å–∏—è –∫–∏–ª–∞–º–∞–Ω,pos,5
–æ–≤–æ–∑–∏ –ø–∞—Å.–∑—É—Ä.–º–∞–Ω–≥–∞ –µ–∫—Ç–∏.—é–≤–∏–ª–∏—à–∏ —Ç–æ–∑–∞.—Ç–∞–≤—Å–∏—è –∫–∏–ª–∞–º–∞–Ω,pos,5
–≤ –ø—Ä–æ—Ü–µ—Å—Å–µ —ç–∫—Å–ø–ª—É–∞—Ç–∞—Ü–∏–∏ –¥–æ–±–∞–≤–∏–º —É—Ç–æ—á–Ω–µ–Ω–∏–π,pos,5
"tafsiya qilaman oliwga 
zur",pos,5
–û—á–µ–Ω—å –ø–æ–Ω—Ä–∞–≤–∏–ª–∞—Å—å –º–∞—à–∏–Ω–∫–∞.,pos,5
Juda zo ªr va arzon,pos,5
Birinchi marta bunaqa kiimoshina ishlatyabman lekin juda ham ishni yengil qilarkan avval yarimavtamat ishlatardim bu juda yaxshi ekan ayniqsa shovqinsiz ham qulay,pos,5
"–∂—É–¥–∞ —è—Ö—à–∏, –ø—É–ª–∏–≥–∞ –∞—Ä–∑–∏–π–¥–∏, –º–µ–Ω–≥–∞ —ë“õ“õ–∞–Ω–∏ 15 –¥–∞“õ–∏“õ–∞–ª–∏–∫ —Ñ—É–Ω–∫—Ü–∏—è—Å–∏ “≥–∞–º –±–æ—Ä —ç–∫–∞–Ω, –±–∏—Ä –º–∞—Ä—Ç–∞ –±—É–≥—É–Ω–æ–∫ –∏—à–ª–∞—Ç–∏–± –∫—É—Ä–¥–∏–º, —Ö–æ–∑–∏—Ä—á–∞ “≥–∞–º–º–∞—Å–∏ —è—Ö—à–∏, –ª–µ–∫–∏–Ω 3 –∫—É–Ω –∫–µ—á–∏–∫–∏–± –∫–µ–ª–¥–∏",pos,5
"–ü—è—Ç—å –º–∏–Ω—É—Ç –ø–æ–ª–µ—Ç –Ω–æ—Ä–º–∞–ª—å–Ω—ã–π!! 
–û—á–µ–Ω—å –ø–æ–Ω—Ä–∞–≤–∏–ª–∞—Å—å. –ü–æ–¥–∫–ª—é—á–∏–ª,, –ø—Ä–æ—Ç–µ—Å—Ç–∏–ª –Ω–∞ ""–±—ã—Å—Ç—Ä–æ–π —Å—Ç—Ä–∏—Ä–∫–µ""üëç üëç üëç –í—Å—ë –æ—Ç–ª–∏—á–Ω–æ! –î–∞–ª—å—à–µ –ø–æ–∫–∞–∂–µ—Ç –≤—Ä–µ–º—è. –†–µ–∫–æ–º–µ–Ω–¥—É—é",pos,5
"–∞—Å—Å–∞–ª–æ–º—É –∞–ª–µ–∫—É–º –º–∞—à–∏–Ω–∫–∞ —è—Ö—à–∏ —ë–∫–¥–∏—á–∏—Ä–æ–π–ª–∏ —É–ø–∞–∫–æ–≤–∫–∞ –¥–∞ –∫–µ–ª–¥–∏.—Å–∞–≤–æ–ª–∏–º –±–æ—Ä–∏–¥–∏ –∏—à–ª–∞–± —Ç—É—Ä–∏–± Ei —á–∏–∫–∏–± –∫–æ–ª—è–ø—Ç–∏ 2,3–º–∏–Ω—É—Ç –∞–π–ª–∞–Ω–∏–± —à—É–Ω–≥–∞ –ù–∏–º–∞ –∫–∏–ª–∞–º–∞–Ω",pos,5
"–û—Ç–ª–∏—á–Ω–æ —Ä–∞–±–æ—Ç–∞–µ—Ç,–±—ã—Å—Ç—Ä–∞—è –¥–æ—Å—Ç–∞–≤–∫–∞ –≤—Å–µ —Å—É–ø–µ—Ä.–ì–õ–ê–í–ù–û–ï –ë–ï–ó –®–£–ú–ê –°–¢–ò–†–ê–ï–¢üëç–∏ –ù–ï —Ç—Ä–µ—Å–µ—Ç –≤–æ–≤—Ä–µ–º—è –æ—Ç–∂–∏–º–∞ –∫–∞–∫ –Ω–µ–∫–æ—Ç–æ—Ä—ã–µ.
–±–ª–∞–≥–æ–¥–∞—Ä—é –∑–∞ —Ç–æ–≤–∞—Ä.",pos,5
"—Ä–∞–±–æ—Ç–∞–µ—Ç –Ω–∞ –æ—Ç–ª–∏—á–Ω–æ,—ç–∫–æ–Ω–æ–º–∏—á–Ω–∞,–ø—Ä–∞–∫—Ç–∏—á–Ω–∞ –∏ –ø—Ä–æ—Å—Ç–∞ –≤ –∏—Å–ø–æ–ª—å–∑–æ–≤–∞–Ω–∏–∏...–Ω–µ —à—É–º–∏—Ç,–Ω–µ –¥—Ä–µ–±–µ–∑–∂–∏—Ç... —Ä–∞–±–æ—Ç–∞–µ—Ç –Ω–µ —Ö—É–∂–µ –±—Ä–µ–Ω–¥–æ–≤—ã—Ö, —Å–æ–≤–µ—Ç—É—é",pos,5
"–ö—É–ø–∏–ª, —Å—Ç–∏—Ä–∞–ª–∫–∞ —Ä–∞–±–æ—Ç–∞–µ—Ç —Ö–æ—Ä–æ—à–æ. –î–æ—Å—Ç–∞–≤–∏–ª–∏ –≤–æ–≤—Ä–µ–º—è. –ù–æ –æ–¥–∏–Ω –≤–æ–ø—Ä–æ—Å –∫ –ø—Ä–æ–¥–∞–≤—Ü—É, –æ—Ç—Å—É—Ç—Å—Ç–≤—É–µ—Ç –≥–∞—Ä–∞–Ω—Ç–∏–π–Ω—ã–π —Ç–∞–ª–æ–Ω, –∫–∞–∫ –µ–≥–æ –ø–æ–ª—É—á–∏—Ç—å?",pos,5
"–ú–∞—à–∏–Ω–∫–∞ –æ—Ç–ª–∏—á–Ω–∞—è –Ω–∞ 6 –∫–≥ –±—Ä–∞–ª–∏ , —Ö–æ—Ä–æ—à–æ –≤–ø–∏—Å–∞–ª–∞—Å—å –ø–æ —Ü–≤–µ—Ç—É , –æ—Ç–ª–∏—á–Ω–æ —Ä–∞–±–æ—Ç–∞–µ—Ç. —Ä–µ–∫–æ–º–µ–Ω–¥—É—é. –ë–æ–ª—å—à–æ–µ —Å–ø–∞—Å–∏–±–æ –ø—Ä–æ–¥–∞–≤—Ü—É!!!",pos,5
olishni tavsiya qilaman hozirda yaxshi ishlayabdi hudo hohlasa shunde ishledi deb umid qlaman. Puliga arzidikan,pos,5
"–ú–∞—à–∏–Ω–∫–∞ —Å—É–ø–µ—Ä, —É—Å—Ç–∞–Ω–æ–≤–∏–ª–∏ –≤—Å–µ –ø–æ –∏–Ω—Å—Ç—Ä—É–∫—Ü–∏–∏ 
–°—Ç–∏—Ä–∞–µ—Ç –æ—Ç–ª–∏—á–Ω–æ –∏ –æ—á–µ–Ω—å —Ç–∏—Ö–æ, –æ—Ç–∂–∏–º —Ö–æ—Ä–æ—à–∏–π(–ø–æ—á—Ç–∏ —Å—É—Ö–∏–µ –≤–µ—â–∏)",pos,5
–£–∑—É–º–≥–∞ —Ä–∞—Ö–º–∞—Ç,pos,5
–°–ø–∞—Å–∏–±–æ –£–∑—É–º,pos,5
üëç,pos,5
üëç,pos,5
shunaqa kod chqyabdi kelib ornatib bermas ekan,neg,1
–ø–æ–∫–∞–∑—ã–≤–∞–µ—Ç –æ—à–∏–±–∫–∞ –ï3 –Ω–µ —Ä–∞–±–æ—Ç–∞–µ—Ç,neg,1
iltimos hamma narsasini to ªliq qilib yuborilsa yaxshi bo ªlardi.,pos,5
Ishlatish uchun qulay va kichik oila uchun ajoyib tanlov,pos,5
—Å—Ç–∏—Ä–∞–ª–∫–∞ –ø–æ–Ω—Ä–∞–≤–∏–ª–∞—Å—å –∫–∞—á–µ—Å—Ç–≤–æ –∏ —Ü–µ–Ω–∞ —Ö–æ—Ä–æ—à–µ–µ –∫—Ä–∞—Å–∏–≤–∞—è —Å—Ç–∏—Ä–∞–µ—Ç —Ö–æ—Ä–æ—à–æ,pos,5
—Ç–µ—Ö–Ω–∏–∫–∞–≥–∞ –≥–∞–ø –π–æ–∫ –∞–π–æ–ª–∏–º –∂—É–¥–∞ —Ö—É—Ä–º–∞–Ω–¥ –±–æ–ª–¥–∏ —Ä–∞—Ö–º–∞—Ç —É–∑—É–º –º–∞—Ä–∫–µ—Ç–≥–∞,pos,5
–∏—à–ª–∞—à–∏ –∑—û—Ä —Ñ–∞“õ–∞—Ç –≥–∞—Ä–∞–Ω—Ç—è —Ç–∞–ª–æ–Ω–∏ “õ–∞–Ω–¥–æ–µ –æ–ª–∏—à–Ω–∏ –±–∏–ª–º–∞—è–ø–º–∞–Ω,pos,5
olishizni tavsiya qilaman hamyonbop azron. Uzumda arzonü§ó,pos,5
zor ekan keyingi safar yana olaman nasib bosa,pos,5
Zo'r narxiga arziydi mazza qilib ishlatyapmiz,pos,5
–ö–∏—Ä–º–æ—à–∏–Ω–∞ –π–æ–∫–¥–∏ –∫–∏—Ä–Ω–∏ —Ä–æ—Å—Å–∞ —Ç–æ–∑–∞ —é–≤–∞—è–ø—Ç–∏,pos,5
–º–∞—à–∏–Ω–∫–∞ —Ö–æ—Ä–æ—à–∞—è –Ω–∞–º –Ω—Ä–∞–≤–∏—Ç—Å—è,pos,5
"–í—Å—ë –≤—Ä–æ–¥–µ —Ö–æ—Ä–æ—à–æ,—Å—Ç–∏—Ä–∞–µ—Ç",pos,5
Juda yaxshi,pos,5
Izcham va qulay. Kiyimlarni yaxshi siqmaydi lekin bu motori kichkinaligidan. Toza yuvadi,pos,5
Zakaz qilganimdan 3 kunda keldi Uzum marketga raxmatüëçüëçüëçüëç Tavsiya qilaman,pos,5
Manga rossa yoqdi eng muhimi qo'lda yuvmayapman mazza ovozi past zo'r.,pos,5
ishlashi zor moshni yuvoti bolani kiyimlarini va kotta sochiƒùlaniyam,pos,5
—É–∑—É–º–≥–∞ –†–∞—Ö–º–µ—Ç. –ö–∞—Ä–∞–∫–∞–ª–ø–∞–∫—Å—Ç–∞–Ω–Ω—ã–Ω –ö–∞—Ä–∞–æ–∑–µ–∫ —Ä–∞–π–æ–Ω–Ω—ã–Ω–∞ 3 –∫—É–Ω–¥–µ –∂–µ—Ç–∫–µ—Ä–¥–∏,pos,5
–∂—É–¥–∞ –∫–∏—á–∫–∏–Ω–∞ —ç–∫–∞–Ω –∫–∞–π—Ç–∞—Ä–¥–∏–º –∫–∞—Ç—Ç–∞–º–∏–¥–∞–Ω –æ–ª–∏—à–Ω–∏ –º–∞–∫—É—à–∫—É –∫—É—Ä–¥–∏–º,pos,5
judayam iqtisodiy ozginagina kiyimni oson yuvib beradi,pos,5
juda yaxshi bolachalar kiyimi uchun,pos,5
olishi maslaxat beraman yaxshi ekan,pos,5
–¢–∞–≤—Å–∏—è –∫–∏–ª–∞–º–∞–Ω –∫–æ—Ä–∫–º–∞—Å–¥–∞–Ω –æ–ª–∏–ª–∞—Ä,pos,5
"–ú–æ–∂–Ω–æ —É–±–∏—Ä–∞—Ç—å—Å—è, –Ω–µ —Ä–∞–∑–¥—Ä–∞–∂–∞—è –¥–æ–º–∞—à–Ω–∏—Ö.",pos,5
"–•–æ—Ä–æ—à–æ —Å–ª—É—à–∞–µ—Ç—Å—è, –Ω–µ ¬´—É–±–µ–≥–∞–µ—Ç¬ª –ø–æ –ø–æ–ª—É.",pos,5
–û—Ç–ª–∏—á–Ω—ã–π –≤–∞—Ä–∏–∞–Ω—Ç –¥–ª—è –±–æ–ª—å—à–æ–π –∫–≤–∞—Ä—Ç–∏—Ä—ã.,pos,5
"–í–∏–¥–∏–º–æ, HEPA —Ñ–∏–ª—å—Ç—Ä —Ä–µ–∞–ª—å–Ω–æ —Ä–∞–±–æ—Ç–∞–µ—Ç.",pos,5
Changni chuqurdan tortib chiqaryapti.,pos,5
"–ø–ª–∞—Å—Ç–∏–∫ –ø–ª–æ—Ç–Ω—ã–π, –≤—Å—ë –≤—ã–≥–ª—è–¥–∏—Ç –Ω–∞–¥—ë–∂–Ω–æ",pos,5
Kundalik foydalanish uchun juda mos.,pos,5
"–ü–æ–∫—É–ø–∫–æ–π –¥–æ–≤–æ–ª–µ–Ω, —Å–≤–æ–∏—Ö –¥–µ–Ω–µ–≥ —Å—Ç–æ–∏—Ç.",pos,5
"–í–∏–¥–Ω–æ, —á—Ç–æ —Ç–µ—Ö–Ω–∏–∫–∞ –Ω–µ –¥–µ—à–µ–≤–∞—è üëç",pos,5
almashtirib yurishga hojat yo‚Äòq,pos,5
"–®–ª–∞–Ω–≥–∞—Å–∏—è–º –∫–ª–µ–π–∏–¥–∞–Ω –∞–∂—Ä–∞–± –∫–µ—Ç–¥–∏, —à–Ω—É—Ä–∏ –∫–∞–ª—Ç–∞ –π–æ–∫–º–∞–¥–∏ —Ö—É–ª–ª–∞—Å",neg,1
–£–∂–∞—Å. –≠—Å–∫–∏ –ø–ª–∏—Å–æ—Å–∏–º –±—É–Ω–¥–∞–Ω —è—Ö—à–∏ —Ç–æ—Ä—Ç–∞—Ä–¥–∏. –ë–∏—Ä–∏–Ω—á–∏ –∏—à–ª–∞—Ç–∏—à–¥–∞–Ω —à–ª–∞–Ω–≥–ª–∞—Ä–∏ —É–∑–∏–ª–∏–± –∫–µ—Ç–¥–∏. –ì–∞—Ä–∞–Ω—Ç–∏—è —Ç–∞–ª–æ–Ω–∏ –Ω–µ–≥–∞ –π—û“õ. –ë—É–∑–∏–ª—Å–∞ –∫–∏–º–≥–∞ –º—É—Ä–æ–∂–∞—Ç “õ–∏–ª–∞–º–∏–∑. –°–æ–≤“ì–∞–≥–∞ –æ–ª–≥–∞–Ω–¥–∏–º –∞—è–º–≥–∞. –†–∞—Å–≤–æ —Å–∏—Ñ–∞—Ç–∏. –ë–µ—Ä–≥–∞–Ω –ø—É–ª–∏–º–≥–∞ –Ω–æ—Ä–æ–∑–∏–º–∞–Ω. –•–∞–ª–æ–ª–ª–∞–± –æ–ª–∏–Ω–≥–ª–∞—Ä –ø—É–ª–ª–∞—Ä–∏–Ω–≥–Ω–∏. –ö–∏–º–≥–∞ –±–æ“ì–ª–∞–Ω–∞–π “õ–∞–π—Ç–∞—Ä–º–æ“õ—á–∏–º–∞–Ω. –¢–æ—Ä—Ç–∏—à–∏ –≤–∞–±—à–∏ —Ä–∞—Å–≤–æ,pos,5
bilmadim boya olib keldik endi ishlatib ko ªramiz. Tanishimiz tavsiya qilgandi zo ªr deb oldik. juda chiroyli va yengilgina,pos,5
"–¥–æ—Å—Ç–∞–≤–∏–ª–∏ –≤–æ –≤—Ä–µ–º—è,–ø—Ä–æ–≤–µ—Ä–∏–ª–∏,–≤—Ä–æ–¥–µ —Ä–∞–±–æ—Ç–∞–µ—Ç,–ø–æ–∫–∞ –Ω–µ –ø—ã–ª–µ—Å–æ—Å–∏—Ç—å.–ø–æ—á–µ–º—É—Ç–æ—Ü–µ–Ω–∞ –ø–æ–ª—É—á–∏–ª–∞—Å—å –Ω–∞ 15 —Ç—ã—Å. –±–æ–ª—å—à–µ",pos,5
juda yaxshi ishlayapdi tortishi yaxshi kuchli menga yoqdi. hammaga raxmat,pos,5
olishiylarni maslahat beraman yana bitta zakaz qilyapman men,pos,5
"–í–∑—è–ª –Ω–∞ –∑–∞–º–µ–Ω—É —Å—Ç–∞—Ä–æ–º—É –ø—ã–ª–µ—Å–æ—Å—É, —Ç–µ–ø–µ—Ä—å —É–±–æ—Ä–∫–∞ –±—ã—Å—Ç—Ä–µ–µüëçüëç",pos,5
juddayam zur bozordan arzon naxr sifatiga gap yoqq,pos,5
–ò—Å–ø–æ–ª—å–∑—É—é –ø–æ—á—Ç–∏ –∫–∞–∂–¥—ã–π –¥–µ–Ω—å.,pos,5
Har kuni ishlatishga qulay.,pos,5
–£–±–∏—Ä–∞—Ç—å —Å—Ç–∞–ª–æ –∫–æ–º—Ñ–æ—Ä—Ç–Ω–µ–µ.,pos,5
Gilamda ham tuk qolmadi.,pos,5
Yaxshi narxiga yarasha,pos,5
–ü—ã–ª—å —Å–æ–±–∏—Ä–∞–µ—Ç –æ—Ç–ª–∏—á–Ω–æ.,pos,5
–£–¥–æ–±–Ω–æ –∏ –ø—Ä–∞–∫—Ç–∏—á–Ω–æ.,pos,5
Ancha qulay.,pos,5
Yaxshi,pos,5
Yaxshi,pos,5
"–û—Ç–ª–∏—á–Ω–æ –≤—Å–∞—Å—ã–≤–∞–µ—Ç, –ø—Ä–∞–≤–¥–∞ –≥—Ä–æ–º–∫–∏–π –∏ –ø–æ–ª–æ–≤–∏–Ω–∞ –æ—Ç –∑–≤—É–∫–∞-—ç—Ç–æ –∑–≤—É–∫ –≤—Å–∞—Å—ã–≤–∞–Ω–∏—è, –¥–∞–∂–µ –±–æ–ª—å—à–µ, —á–µ–º –∑–≤—É–∫ –¥–≤–∏–≥–∞—Ç–µ–ª—è. –ò —ç—Ç–æ –Ω–∞ –º–∏–Ω–∏–º–∞–ª—å–Ω—ã—Ö –æ–±–æ—Ä–æ—Ç–∞—Ö, –Ω–æ –º–Ω–µ –≥–ª–∞–≤–Ω–æ–µ —ç—Ñ—Ñ–µ–∫—Ç–∏–≤–Ω–æ—Å—Ç—å, —Ç—É—Ç –≤—Å–µ –≤ –ø–æ—Ä—è–¥–∫–µ. –ï—â–µ –±—ã –Ω–∞—Å–∞–¥–∫—É –ø–æ—É–∂–µ, —á—Ç–æ–± –≤ —É–∑–∫–∏—Ö –º–µ—Å—Ç–∞—Ö –ø—ã–ª–µ—Å–æ—Å–∏—Ç—å. –ê —Ç–∞–∫ –ø–æ–∫–∞ –≤—Å–µ –≤ –ø–æ—Ä—è–¥–∫–µ –∏ —Å–∏–ª–∞ –≤—Å–∞—Å—ã–≤–∞–Ω–∏—è —Å—É–ø–µ—Ä",pos,5
birinchi pelesos qilganimda gilamdan bazur ayirib oldim zo ªr tortarkanda dedim 2 chi 3 chi marta pelesos qildim yumshoq bo ªlib qoldi lekin zo ªr tortayapti ilohim tortmay qolmasinda uzumga katta raxmat‚ô•Ô∏è,pos,5
"–Ø —Ç–∞–∫ –¥–æ–≤–æ–ª—å–Ω–∞ –ø–æ–∫—É–ø–∫–æ–π! –¢–µ—Ö–Ω–∏–∫—É –∑–∞–∫–∞–∑—ã–≤–∞—Ç—å –Ω–∞ –æ–±—É–º —Å–æ–ø—Ä–æ–≤–æ–∂–¥–∞–µ—Ç—Å—è —Ä–∏—Å–∫–æ–º. –ù–æ –∫—Ç–æ –Ω–µ —Ä–∏—Å–∫—É–µ—Ç,—Ç–æ—Ç –Ω–µ –ø—å—ë—Ç —à–∞–º–ø–∞–Ω—Å–∫–æ–µ üçæ!
–ö–æ–º–ø–∞–∫—Ç–Ω—ã–π,–¥–∏–∑–∞–π–Ω –∫—Ä–∞—Å–∏–≤—ã–π, —Ä–∞–±–æ—Ç–∞–µ—Ç –∫–∞—á–µ—Å—Ç–≤–µ–Ω–Ω–æ! —Ñ—É –ë–ª–∞–≥–æ–¥–∞—Ä—é –£–ó–£–ú –∑–∞ —Ç–æ–≤–∞—Ä!",pos,5
Xullas arzon  xamyonbop sifatli maxsulot. Changyutgich qidirayotgan bekajonlar maslaxat berardim ushbu changyutgichni xarid qilishingizni,pos,5
"–®–µ—Ä—Å—Ç—å —Å–æ–±–∏—Ä–∞–µ—Ç –±–µ–∑ –ø—Ä–æ–±–ª–µ–º, –º–æ—â–Ω–æ—Å—Ç—å —á–µ—Å—Ç–Ω–∞—è. –§–∏–ª—å—Ç—Ä –Ω–µ –∑–∞–±–∏–≤–∞–µ—Ç—Å—è —Å—Ä–∞–∑—É, —Ö–≤–∞—Ç–∞–µ—Ç –Ω–∞–¥–æ–ª–≥–æ.",pos,5
"–ü—Ä–æ–≤–æ–¥ –¥–ª–∏–Ω–Ω—ã–π, —É–¥–æ–±–Ω–æ —É–±–∏—Ä–∞—Ç—å—Å—è –±–µ–∑ —á–∞—Å—Ç—ã—Ö –ø–µ—Ä–µ–∫–ª—é—á–µ–Ω–∏–π. –•–æ—Ä–æ—à–æ —á–∏—Å—Ç–∏—Ç –ø–ª–∏—Ç–∫—É –∏ –∫–æ–≤—Ä–æ–ª–∏–Ω.",pos,5
–ö–æ–Ω—Ç–µ–π–Ω–µ—Ä —Å–Ω–∏–º–∞–µ—Ç—Å—è –∏ –º–æ–µ—Ç—Å—è –±—ã—Å—Ç—Ä–æ. –ö–∞—á–µ—Å—Ç–≤–æ —Å–±–æ—Ä–∫–∏ –æ—â—É—â–∞–µ—Ç—Å—è —Å –ø–µ—Ä–≤–æ–≥–æ –∏—Å–ø–æ–ª—å–∑–æ–≤–∞–Ω–∏—è.,pos,5
"Shovqini o‚Äòrtacha, ishlatish qulay. HEPA filtr havo sifatini sezilarli yaxshilaydi.",pos,5
"–£–¥–æ–±–Ω–∞—è —Ä—É—á–∫–∞, –º—è–≥–∫–æ –µ–∑–¥–∏—Ç –ø–æ –ø–æ–ª—É. –®–Ω—É—Ä —Å–∞–º —É–±–∏—Ä–∞–µ—Ç—Å—è –±—ã—Å—Ç—Ä–æ, –º–µ—Ö–∞–Ω–∏–∑–º –Ω–µ –∫–ª–∏–Ω–∏—Ç.",pos,5
"–ø–æ–∫—É–ø–∫–æ–π –¥–æ–≤–æ–ª—å–Ω—ã, –º–æ—â–Ω—ã–π, –∫–æ–º—Ñ–æ—Ä—Ç–Ω—ã–π –≤ —Ä—É–∫–µ –∏ —É–¥–æ–±–Ω–æ –º–∞–Ω–µ–≤—Ä–∏—Ä–æ–≤–∞—Ç—å –ø—Ä–∏ —É–±–æ—Ä–∫–µ",pos,5
"–û—á–µ–Ω—å —É–¥–æ–±–Ω–æ –≤—ã—Å—ã–ø–∞—Ç—å –º—É—Å–æ—Ä. –§–∏–ª—å—Ç—Ä –º–æ–∂–Ω–æ –ø—Ä–æ–º—ã—Ç—å, —ç–∫–æ–Ω–æ–º–∏—è –Ω–∞ —Ä–∞—Å—Ö–æ–¥–Ω–∏–∫–∞—Ö",pos,5
"–í–µ—Å –Ω–æ—Ä–º–∞–ª—å–Ω—ã–π, –Ω–µ —Å–ª–∏—à–∫–æ–º —Ç—è–∂—ë–ª—ã–π. –î–ª—è —Å–≤–æ–∏—Ö –¥–µ–Ω–µ–≥ –ø—Ä–æ—Å—Ç–æ —Ç–æ–ø.",pos,5
Ichidagi chang ko‚Äòrinib turadi qachon to‚Äòldigini bilish oson.,pos,5
xammaga tafsiya qilaman o'ylanmasdan olishlaringiz bo'ladi,pos,5
Yaxwi 1 iwlawi zorrr lekin zor tortarkan lekin ovozi rosa baland ekan Raxmat kotakon sifatli yetb keldi,pos,5
–Ω–∞ —Å–∞–º–æ–º –¥–µ–ª–µ –ø—ã–ª–µ—Å–æ—Å –Ω–∞ –ø–æ–ª-–ª—è–º–∞ –¥–µ—à–µ–≤–ª–µ,pos,5
yaxshi rahmat,pos,5
tapsya qlaman,pos,5
"–≤—Å–µ —Ä–∞–±–æ—Ç–∞–µ—Ç —Ö–æ—Ä–æ—à–æ, —Ç–æ–ª—å–∫–æ —Ö–æ—Ç–µ–ª —É–∑–Ω–∞—Ç—å –ø—Ä–æ –≥–∞—Ä–∞–Ω—Ç–∏–π–Ω—ã–π —Ç–∞–ª–æ–Ω , –æ–Ω –ø—É—Å—Ç–æ–π",pos,5
"juda z√∂r tortyapti, bizga yoqdi. 
kafolat xatini yozib bering iloji b√∂lsa",pos,5
"–ø—ã–ª–µ—Å–æ—Å –æ—Ç–ª–∏—á–Ω—ã–π —Ç–æ —á—Ç–æ —è –∏—Å–∫–∞–ª–∞ . –ù–µ—Ç —à—É–º–∞ , –º–æ—â–Ω—ã–π –¥–æ–º–∞ —Å–≤–µ–∂–µ—Å—Ç—å",pos,5
–¢–æ—Ä—Ç–∏—à –∫—É—á–∏ –∑—É—Ä.2 –æ–π–¥–∞–Ω –±–µ—Ä–∏ —Ñ–æ–π–¥–∞–ª–∞–Ω–∞–º–∞–Ω.—à–∏–∫–æ—è—Ç –π—É–∫.,pos,5
Changyutgich a‚Äôlo sifatli chiqti kutganimdan ham a‚Äôlo,pos,5
Kafolat qog‚Äôozi bo‚Äôsh ekan iltimos to‚Äôldirib berila,pos,5
–ê—Å—Å–∞–ª–æ–º—É –∞–ª–∞–π–∫—É–º –¥–æ—Å—Ç–∞–≤–∫–∞–≥–∞ –≥–∞–ø –π—É–∫ .–ü—ã–ª–µ—Å–æ—Å –∑—É—Ä,pos,5
plisos yaxshi holatda keldi. yaxshi tortyapti,pos,5
—Ö–∞–º–º–∞–≥–∞ —Ç–∞—Ñ—Å–∏–π–∞ –∫–∏–ª–∞–º–∞–Ω —É–∑–∏–º –º–∞—Ä–∫–µ—Ç–≥–∞ –∑–æ—Ä,pos,5
–ü–æ–¥—Å–∫–∞–∂–∏—Ç–µ –≥–¥–µ –æ—Ñ–æ—Ä–º–∏—Ç—å –≥–∞—Ä–∞–Ω—Ç–∏–π–Ω—ã–π —Ç–∞–ª–æ–Ω,pos,5
Uzum marketga rahmat tezda va muammosiz yetib keldi,pos,5
—É–∑—É–º–≥–∞ —Ä–∞—Ö–º–∞—Ç –∞–∫—É—Ä–∞—Ç–Ω–∏–π –∫–∏–ª–∏–± –æ–ª–∏–± –∫–µ–ª–∏—à–¥–∏,pos,5
"–Ø –¥–æ–≤–æ–ª–µ–Ω –ø–æ–∫—É–ø–∫–æ–π, –æ—Å–æ–±–µ–Ω–Ω–æ –∑–∞ —Ç–∞–∫—É—é —Ü–µ–Ω—É.",pos,5
–®–∏—Ä–æ–∫–∞—è –Ω–∞—Å–∞–¥–∫–∞ –±—ã—Å—Ç—Ä–æ —Å–æ–±–∏—Ä–∞–µ—Ç –º—É—Å–æ—Ä.,pos,5
–ñ–∏–≤–æ—Ç–Ω–∞—è —à–µ—Ä—Å—Ç—å —É–±–∏—Ä–∞–µ—Ç—Å—è –±–µ–∑ –ø—Ä–æ–±–ª–µ–º.,pos,5
"–ø–æ–∫–∞ —Ä–∞–±–æ—Ç–∞–µ—Ç –æ—Ç–ª–∏—á–Ω–æ,–¥–∞–ª—å—à–µ –ø–æ—Å–º–æ—Ç—Ä—é",pos,5
–†–∞—Ö–º–∞—Ç —è—Ö—à–∏ –∏—à–ª–∞—Ä–∫–∞–Ω,pos,5
–¢–∞—Ñ—Å–∏—è –∫–∏–ª–∞–º–∞–Ω.,pos,5
Tavsiya qilaman,pos,5
‚ù§Ô∏è‚ù§Ô∏è‚ù§Ô∏è,pos,5
"–ü–æ–¥–æ—à–ª–∞ –∏–¥–µ–∞–ª—å–Ω–æ. –°–ø–∞—Å–∏–±–æ. –î—É–º–∞–ª–∞, —á—Ç–æ –Ω–µ—Ç —Ç–∞–∫–∏—Ö –∑–∞–ø—á–∞—Å—Ç–µ–π. –û–∫–∞–∑—ã–≤–∞–µ—Ç—Å—è, –µ—Å—Ç—å))",pos,5
"yahshi ekan pushaymon bolmadim olganimga, rahmat uzumdagilargaüëçüëçüëç",pos,5
razmeri togri keldi tortiishi ham zor raxmat yoqti ishilarga omad,pos,5
juda ajoyip yahwi iwlayapdi plisosimga togri keldi asosiysi,pos,5
"–Ω–∞—Å–∞–¥–∫–∞ –∏–¥–µ–∞–ª—å–Ω–æ –ø–æ–¥–æ—à–ª–∞ –∫ –ø—ã–ª–µ—Å–æ—Å—É,–∂–µ–Ω–∞ –¥–æ–≤–æ–ª—å–Ω–∞, —Å–ø–∞—Å–∏–±–æ",pos,5
–ü—Ä–∏—à–ª–æ—Å—å –≤–µ—Ä–Ω—É—Ç—å. –Ø –∑–∞–∫–∞–∑—ã–≤–∞–ª–∞ —Å–µ—Ä—ã–π —Ü–≤–µ—Ç. –ü—Ä–∏—à–µ–ª —á–µ—Ä–Ω—ã–π.,pos,5
–ø–æ–¥–æ—à—ë–ª –Ω–∞ –º–æ–π –ø—ã–ª–µ–æ—Å–æ—Å. —Å–ø–∞—Å–∏–±–æ —É–∑—É–º –º–∞—Ä–∫–µ—Ç—É –∏ –ø—Ä–æ–¥–∞–≤—Ü—É.,pos,5
Zo‚Äòr tushdi o‚Äòzinikidanam yaxshikan samsunga oganidim,pos,5
zor chiqdi tortishiyam zor sifatiyam tavsiya qilaman,pos,5
artel uchun bemalol tushdi yahshi ekan,pos,5
Tok urarkan lkn tortishi yaxshi ekan,neg,1
–ø–æ–¥–æ—à–ª–æ –∫–∞—á–µ—Å—Ç–≤–æ —Ö–æ—Ä–æ—à–µ–µ —Å–ø–∞—Å–∏–±–æ –±–æ–ª—å—à–æ–µ,pos,5
–ø—É–ª–∏ –ö–∞—Ä–∞–≥–∞–Ω–¥–∞ —Å–∏—Ñ–∞—Ç–ª–∏  –π–æ–∫–¥–∏ –±–∏–∑–≥–∞,pos,5
—Ö–æ—Ä–æ—à–∞—è –≤–µ—à –≤—Å–µ –æ–∫ –º–Ω–µ –ø–æ–Ω—Ä–∞–≤–∏–ª–æ—Å—å,pos,5
z≈çr samsung plisosga xarid qildim,pos,5
tushdi yaxshi ekan ishlatdim,pos,5
z√µr ekan huddi uziniki dek,pos,5
–ö –Ω–∞—à–µ–º—É –ø—ã–ª–µ—Å–æ—Å—É –ø–æ–¥–æ—à–æ–ª,pos,5
–í—Å–µ –æ—Ç–ª–∏—á–Ω–æ –ø–æ–¥–æ—à–ª–æ üëçüèºüëçüèº,pos,5
"–í—Å—ë —à–∏–∫–∞—Ä–Ω–æ, –ø–æ–¥–æ—à–ª–æ!!!",pos,5
–æ—á–µ–Ω—å —Ö–æ—Ä–æ—à–∞—è —â–µ—Ç–∫–∞,pos,5
ikkilanib buyurtma qilgandim juda qulay ekan uzumga rahmat changyutgichim avalon mos keldi,pos,5
kattakon rahmat pilisosimga juddayam yahshi tushti judda ishlavoti. Uzumga omad.,pos,5
zor ozi pelisosim qopidan musir chiqib ketvotudi yaxshi tavsiya qilaman,pos,5
"—Ç–∞–∫–æ–π –º–Ω–µ –∏ –Ω—É–∂–µ–Ω –±—ã–ª, —Ö–æ—Ä–æ—à–∏–π,–ø—Ä–∏—à–µ–ª –≤ —Ü–µ–ª–æ—Å—Ç–∏ –∏ —Å–æ—Ö—Ä–∞–Ω–Ω–æ—Å—Ç–∏",pos,5
"samsung plisosimga zor tushdi razmer, tavsiya qilaman",pos,5
oganimga afsuslanmadim juda ham zor ishilaga rivoj,pos,5
—Å–ø–∞—Å–∏–±–æ –±–æ–ª—å—à–æ–µ —Ü–µ–Ω–∞ —à–∏–∫–∞—Ä–Ω–∞—è –∫–ª–∞—Å—Å–Ω–æ —Ä–∞–±–æ—Ç–∞–µ—Ç,pos,5
midea pilesosiga judayam yahwi keldi uzum zor,pos,5
yaxshi holatda yetib keldi rahmat kottakon,pos,5
pilis√≥simga qolipdek tushti raxmat uzumga,pos,5
olinglar bollarim mazza qilib o ªynayapti,pos,5
–æ—á–µ–Ω—å –ø–æ–Ω—Ä–∞–≤–∏–ª–æ—Å—å –º–∞–ª—ã—à—É —Å–æ–≤–µ—Ç—É—é –∫—É–ø–∏—Ç—å,pos,5
olinglar maslahat berman uzumga Raxmat,pos,5
Xuddi rasmdagidek.Tavsiya qilaman.,pos,5
juda xursad bo'ldi o'g'lim raxmat,pos,5
Hammasi kutilganidek ajoyib ekan,pos,5
Bolalarga juda yoqdi rahmat,pos,5
–ù–µ –¥–æ—Ä–æ–≥–æ –∏ –∫–∞—á–µ—Å—Ç–≤–µ–Ω–Ω–æ ü´∂,pos,5
–≤—Å–µ —Å—É–ø–µ—Ä –¥–µ—Ç—è–º –Ω—Ä–∞–≤—è—Ç—Å—è,pos,5
–∫–ª–∞—Å—Å–Ω–æ –º–Ω–µ –ø–æ–Ω—Ä–∞–≤–∏–ª–æ—Å—å,pos,5
Insof bersin shunaqa brak narsa sotganlaringga halollab olinglar pulilarni,neg,1
Bolalik hotirlalarni eslatuvchi ajoyib o'yinchoq farzandlarimzga qo'shilib o'ynayapmz. Uzum market jamoasiga katta raxmat,pos,5
"boshqa rang belgilagandm qizil rangi kepti lekin mayli ichida batareykasi b√≤masakan alohida oldik 
lekin yaxwi ishlirkan",pos,5
uzumga va do ªkonga raxmat juda zo ªr narx va sifat uyg ªunligi,pos,5
yoshligim esga tushdi oglimga xam yoqdi mazza qilib oynavotti,pos,5
uzum market xodimlariga raxmat va uzum marketga raxmat,pos,5
"—Å—ã–Ω—É –≤–∑—è–ª , —á—Ç–æ–±—ã –ø–∏–ª–∏–∫–∞–ª .–ó–∞ —ç—Ç–∏ –¥–µ–Ω—å–≥–∏ –≤—Å–µ –æ—Ç–ª–∏—á–Ω–æ",pos,5
Zo'r daxshat har kuni urush uyda bolalar talashadi,pos,5
–Ø –∑–∞–∫–∞–∑—ã–≤–∞–ª —á—ë—Ä–Ω—ã–π —Ç–µ—Ç—Ä–∏—Å–∞ –º–Ω–µ –æ—Ç–ø—Ä–∞–≤–∏–ª–∏ –∫—Ä–∞—Å–Ω—ã–µ,pos,5
yaxshi ekan lekin man qora qiludim yashil kepti,pos,5
Juda yaxshi,pos,5
Raxmat,pos,5
qulay,pos,5
Zur,pos,5
zur,pos,5
"Orginal Rossiya da ishlab chiqarilgan foydali o'yinchoq, kichik qo'l matorikasini rivojlantiruvchi zor o'yinchoq",pos,5
Ovoziyam yaxshi ekan bolani zarbasi qattu bomasa ovozi baland chiqmasakan shunisi yaxshi motorikagayam yaxshide,pos,5
"—Å–ø–∞—Å–∏–±–æ –ø—Ä–æ–¥–∞–≤—Ü—É —Ç–æ–≤–∞—Ä –±—ã–ª —É–ø–∞–∫–æ–≤–∞–Ω –∞–∫–∫—É—Ä–∞—Ç–Ω–æ, —Ä–µ–±–µ–Ω–æ–∫ –∏–≥—Ä–∞–µ—Ç –Ω–∞–º –æ—á–µ–Ω—å –≤—Å–µ –ø–æ–Ω—Ä–∞–≤–∏–ª–æ—Å—å –∏ –∑–∞ –ø–æ–¥–∞—Ä–æ—á–µ–∫ —Å–ø–∞—Å–∏–±–æ",pos,5
yaxshi qizimga juda yoqdi oldin xam olgandik 5 taligidan endi 4 taligidan oldik aka singil talashgani uchun,pos,5
–Å—Ä“õ–∏–Ω —Ä–∞–Ω–≥–ª–∏ —Ç–∞—Ö—Ç–∞–ª–∏ —Å–∏—Ñ–∞—Ç–ª–∏. –•–∞–≤—Ñ—Å–∏–∑. –ú–∞–∑–∑–∞ “õ–∏–ª–∏–± —û–π–Ω–∞—è–ø—Ç–∏ —Ä–∞–Ω–≥–ª–∞—Ä–Ω–∏ —Ä–∞“õ–∞–º –≤–∞ —à–∞–∫–ª–ª–∞—Ä–Ω–∏ —û—Ä–≥–∞–Ω–∞–¥–∏.,pos,5
tavsiya qilaman rang barang 8oylik qizim juda qiziqib √≤ynayabdi. sovƒ£asi bo raxmat Uzum Market zor,pos,5
qizimizga juda yoqti oynab otiribdi hammaga tavsiya qilaman uzumga va sotuvciga rahmat,pos,5
yaxshi maxsulot rasmdan buroz kattaroq deb o'ylagandim lekin yaxshi kichik bolsa xam,pos,5
–ê—Å—Å–∞–ª–æ–º—É –∞–ª–µ–π–∫—É–º –æ–π–∏–Ω—á–æ–∫ —è—Ö—à–∏ —Ö–æ–ª–∞—Ç–¥–∞ –±–æ–ª–ª–∞—Ä–∏–º–≥–∞ —ë–∫—Ç–∏ —Å–æ–≤–≥–∞ —É—á—É–Ω —Ö–∞–º —Ä–∞—Ö–º–∞—Ç.,pos,5
–º–Ω–µ –ø–æ–Ω—Ä–∞–≤–∏–ª–∞—Å—å —Å–ø–∞—Å–∏–±–æ —É–∑—É–º —ç—Ç–æ –ø–æ–º–∞–≥–∞–µ—Ç –º–∞—Ç–æ—Ä–Ω–æ–º—É —Ä–∞–∑–≤–∏—Ç–∏—é –º–æ–µ–π –≤–Ω—É—á–∫–∏,pos,5
Uylaganimdek chiqti,pos,5
–æ—á–µ–Ω—å –∫—Ä—É—Ç–æüëçüëçüëçüëçüëçüëçüëç,pos,5
yoqdi juda yaxshi,pos,5
–í—ã–≥–ª—è–¥–∏—Ç –∫—Ä—É—Ç–æ),pos,5
bollarga yoqdi,pos,5
–†–µ–∫–æ–º–µ–Ω–¥—É—é,pos,5
–ñ—É–¥–∞ –∑—û—Ä,pos,5
yaxshi,pos,5
–ß–µ—Ç–∫–æ,pos,5
zo ªr,pos,5
—è—Ö—à–∏ —É—Ä–∞–ª–≥–∞–Ω –∫–µ–ª–¥–∏,pos,5
tavsiya qilamanü´∂üèª,pos,5
tavsiya beraman,pos,5
–•–æ—Ä–æ—à–∞—è,pos,5
gap yo,pos,5
üëçüëçüëç,pos,5
–∏–≥—Ä—É—à–∫–∞–Ω–∏ –∫–µ—á–∞ –æ–ª–¥–∏–º —Ä–∞—Å–∏–º–¥–∞ 32—Ç–∞ –º–∞–≥–Ω–∏—Ç –¥–µ–± –µ–∑–∏–ª–≥–∞–Ω –º–∞–Ω–¥–∞ –µ—Å–∞ 19—Ç–∞ –º–∞–≥–Ω–∏—Ç —á–∏–∫–¥–∏ –æ–¥–∞–º–ª–∞—Ä–Ω–∏ —à—É–Ω–∞–∫–∞ –∫–∏–ª–∏–± –∞–ª–¥–∞–π—Å–∏–ª–∞–º–∏,neg,1
"—É –∫–æ–≥–æ –º–∞–ª–µ–Ω—å–∫–∏–µ –¥–µ—Ç–∫–∏, –¥–ª—è —Ç–µ—Ö –º–∞–≥–Ω–∏—Ç–∏–∫–∏ –æ–ø–∞—Å–Ω—ã –µ—Å–ª–∏ –ø—Ä–æ–≥–ª–æ—Ç–∏—Ç—å. –ò–≥—Ä–∞ –∫–æ–Ω–µ—á–Ω–æ —à—É–º–Ω–∞—è, –¥–ª—è –ª—é–±–∏—Ç–µ–ª–µ–π —Ç–∏—à–∏–Ω—ã –Ω–µ —Ä–µ–∫–æ–º–µ–Ω–¥—É—é, –Ω–æ —Ç–∞–∫ –∫–∞–∫ —É –Ω–∞—Å —Å —Å—ã–Ω–æ–º –∏–≥—Ä—ã –≤—Å–µ —à—É–º–Ω—ã–µ —Ç–æ –∏–≥—Ä–∞–µ–º —Å —É–¥–æ–≤–æ–ª—å—Å—Ç–≤–∏–µ–º",pos,5
"–ò–≥—Ä–∞ –æ—á–µ–Ω—å –ø–æ–Ω—Ä–∞–≤–∏–ª–∞—Å—å, –∫–∞—á–µ—Å—Ç–≤–æ –ø–ª–∞—Å—Ç–º–∞—Å—Å—ã –Ω–∞ 5+, —à–∞—Ä–∏–∫–∏ —Ç–æ–∂–µ —Ö–æ—Ä–æ—à–æ –ø—Ä–∏–º–∞–≥–Ω–∏—á–∏–≤–∞—é—Ç—Å—è.
20 —à–∞—Ä–∏–∫–æ–≤ –º–∞–ª–æ–≤–∞—Ç–æ –Ω–∞ 4—Ö, –∑–∞–∫–∞–∑–∞–ª–∏ –æ—Ç–¥–µ–ª—å–Ω–æ –µ—â–µ 10.",pos,5
"Sifati yaxshi, narxiga javob bera oladi. Farzandlarimiz bilan maza qilib, √≤ynadik rosa qiziq √≤yin ekan. Bizaga ma'qul keldi, raxmat üëç",pos,5
"–ø–ª–∞—Å—Ç–∏–∫–æ–≤–∞—è –∫–∞—á–µ—Å—Ç–≤–µ–Ω–Ω—ã–π –±–µ–∑ –∑–∞–ø–∞—Ö–∞,—Ç–≤—ë—Ä–¥—ã–π,20 –º–∞–≥–Ω–∏—Ç–Ω—ã—Ö —à–∞—Ä–∏–∫–∞,–≤—Å—ë –∫–∞–∫ –≤ –æ–ø–∏—Å–∞–Ω–∏–∏.—Å–ø–∞—Å–∏–±–æ –ø—Ä–æ–∏–∑–≤–æ–¥–∏—Ç–µ–ª—é –∏ uzum .",pos,5
taxtachalarni ko'pida yoriq chiziqlari bor,neg,1
"Qizimga juda yoqdi.
Eng yaxshi tokoni xavfsiz o ªyinchoq.",pos,5
bizga juda yoqdi raxmat uzum va ishlab chiqaruvchilarga,pos,5
"zich ekan, man sal qimirlab turadi deb o ªylagandim",pos,5
qizimdan ko ªra o ªzimga ko ªproq yoqdiüòÖ,pos,5
bizga yoqdi maslahat beraman,pos,5
Maza qilib o‚Äòynayabdi,pos,5
Kichginam uynayabdi,pos,5
–º–∞—Å–ª–∞—Ö–∞—Ç –±–∏—Ä–∞–º–∞–Ω,pos,5
tavsiya qilaman,pos,5
Tavsiya qilaman,pos,5
"–Ø–Ω–∞ 2—Ç–∞ –∑–∞–∫–∞–∑ “õ–ª–¥–∏–∫ —Å–æ–≤“ì–∞–≥–∞, –æ—é—É–º—É–º–∏–π 3—Ç–∞ –æ–æ–¥–∏–∫ –∑–æ—Ä –æ–ª–∏–ª–∞ —Ç–∞–≤—Å–∏—è “õ–ª–∞–º–∞–Ω",pos,5
bizga juda yoqdi sfati ham yaxshi ekan bolajonim juda xursand buldi‚ù§Ô∏è,pos,5
–æ–ª–∏–ª–∞—Ä —Ñ–∞—Ä–∑–∞–Ω–¥–∏–ª–∞—Ä —Ö—É—Ä—Å–∞–Ω–¥ –±—É–ª–∞–¥–∏ –º–∞–∑–∑–∞ –∫–∏–ª–∏—à–∞–¥–∏. —Å–∏—Ñ–∞—Ç–∏–≥–∞ –ì–∞–ø –π—É–∫,pos,5
Juda sifatli. uzumga va magazinga va yuk tashuvchilarga raxmat. zor,pos,5
–ë–æ–ª–∞–∂–æ–Ω–ª–∞—Ä–∏–º–≥–∞ —Ä–æ—Å–∞ —ë–∫–¥–∏ –º–∞–∑–∞ –∫–∏–ª–∏–± —É–π–Ω–∞—à—è–ø—Ç–∏. –£–∑—É–º–≥–∞ –†–∞—Ö–º–∞—Çü´∞ü´∞ü´∞,pos,5
Arziydi. Iloji boricha tekshirib komment oqib harid qiling üëçüëçüëç,pos,5
qizaloƒüim  hursand biz hursand tavsiya qilaman  bizaga yoqti,pos,5
–Ø—Ö—à–∏ –æ–ª–∏–ª–∞. –ë–æ–ª–ª–∞—Ä–∏–º —Ö—É—Ä—Å–∞–Ω–¥. –£–∑—É–º–≥–∞ —Ä–∞—Ö–º–∞—Ç. –ò—à–ª–∞—Ä–∏–Ω–≥–∞ –æ–º–∞–¥,pos,5
bizga judayam yoqdi maza qilib uynashyabdi .raxmat kattakon,pos,5
rosa katta bolarkan bemalol kicikrogini zakaz qsa bolarkan,pos,5
–°–æ–≤–≥–∞—è–º —á–∏–∫–¥–∏ –∏—á–∏–¥–∞–Ω. –¢–∞–≤—Å–∏—è –∫–∏–ª–∞–º–∞–Ω —Ö–∞–º–º–∞–≥–∞.,pos,5
Ichida sovga chiqdi. Sifatli. Tavsiya qilaman,pos,5
—Ç–∞–≤—Å–∏—è –∫–∏–ª–∞–º–∞–Ω —Ä–∞—Å–º–¥–∞ –∫—É—Ä—Å–∞—Ç–∏–ª–≥–∞–Ω–∏–¥–µ–∫ –∫–µ–ª–¥–∏,pos,5
olishilani tavsiya qilaman,pos,5
Super,pos,5
–°—É—Ä–∞—Ç–¥–∞–∞ –∫—û—Ä—Å–∞—Ç–∏–ª–≥–∞–Ω –Ω–∞—Ä—Å–∞ –∫–µ–º–∞–¥–∏,neg,1
"z√∂r, rasmda qanaqa bo'lsa shunaqa keldi, faqat sal kottaro razmerda db √∂ylagandimüôáüèª‚Äç‚ôÄÔ∏è",pos,5
tavsiya qilaman yosh onalarga. o ªg ªlim qo ªlidan qo ªymay o ªyanayapti. uzumga rahmatüëçüí£,pos,5
“õ—ã–∑—ã–º –∂–∞“õ—Å—ã –∫”©—Ä–∏–ø –æ–π–Ω–∞–ø –∂—É—Ä —Ä–∞—Ö–º–µ—Ç –∞–ª—Å–∞ –∞—Ä–∑—ã–π—Ç—ã–Ω –æ–π—ã–Ω—à—ã“õ,pos,5
Telefondan televiZordan chalg‚Äôitish uchun zur metod,pos,5
miyani charxlaydi 2 3 yosh bolalar uchun mos Zo ºr,pos,5
–°—É–ø–µ—Ä —Å–∞–º—ã–π –≥–ª–∞–≤–Ω—ã–π –º–æ–π —Å–∏–Ω –æ—á–µ–Ω—å –¥–æ–≤–æ–ª–µ–Ω –º–Ω–µ —ç—Ç–æ –Ω–∞–¥–æ –±—ã–ª–æ –†–ê–•–ú–ê–¢,pos,5
—Å—ã–Ω—É –æ—á–µ–Ω—å –ø–æ–Ω—Ä–∞–≤–∏–ª–æ—Å—å.  –ö–ª–∞—Å—Å–Ω—ã–π –±–ª–∞—Å—Ç–µ—Ä! –°–ø–∞—Å–∏–±–æ –ø—Ä–æ–¥–∞–≤—Ü–∞–º.,pos,5
Bolalar xursand 4-5-6yowli bolajonlar qo ªliga loyiq ekan,pos,5
"–°–ø–∞—Å–∏–±–æ –æ—á–µ–Ω—å –∫—Ä—É—Ç–æ–µ, —Ä–µ–±–µ–Ω–∫—É –æ—á–µ–Ω—å –ø–æ–Ω—Ä–∞–≤–∏–ª–æ—Å—å)",pos,5
"–†–µ–±–µ–Ω–æ–∫ –æ—á–µ–Ω—å —Ä–∞–¥, —Ö–æ—Ä–æ—à–∞—è –∏–≥—Ä—É—à–∫–∞, –≤—Å–µ –æ—Ç–ª–∏—á–Ω–æ",pos,5
tavsiya qilaman mazzaqib o'ynab yurubdi o'g'lim,pos,5
–°–ø–∞—Å–∏–±–æ —Å–æ–±—Ä–∞–ª–∏ –æ—á–µ–Ω—å –ª–µ–≥–∫–æ. –°—ã–Ω—É –ø–æ–Ω—Ä–∞–≤–∏–ª–æ—Å—å.,pos,5
"Bolajonlar xursand, tashkilotchilarga raxmat!",pos,5
Olishga arziydi va bolalar uchun qiziqarli,pos,5
lekin puliga arzidi bollarga zor oyncoq,pos,5
"oylanib ogandim lekin koynimdegide chiqdi
tavsiya bitta kotta razmer olila malamerka yurarkan
savolimga vahtida javob yozgan sotuvchigayam ishlab chiqargangayam rahmat
pulini ming baravar oqlidi
38 39razmer ogandim 
38razmeri vozvrad qildim
39 razmerini obqoldim",pos,5
"–º–Ω–µ –ø–æ–Ω—Ä–∞–≤–∏–ª–æ—Å—å –æ—á–µ–Ω—å —Ö–æ—Ä–æ—à–µ–µ –∫–∞—á–µ—Å—Ç–≤–æ, –∫—É–ø–∏–ª–∞ –Ω–µ —Å–µ–±–µ –∞ –º–∞–º–µ –Ω–∞–¥–µ—é—Å—å –±—É–¥–µ—Ç –Ω–æ—Å–∏—Ç—å –¥–æ–ª–≥–æ...",pos,5
vashe manga yoqti qo ªrqmasdan ovurila faqat boshida kichiro turarka kyn tshirkanü§≠üëçüèª,pos,5
"–∫–∞—á–µ—Å—Ç–≤–æ —Ç–æ–≤–∞—Ä–∞ —É–∑–Ω–∞–µ–º –∫–æ–≥–¥–∞ –±—É–¥–µ–º –æ–¥–µ–≤–∞—Ç—å, –Ω–æ —Å –≤–∏–¥—É –ø–æ–¥–æ—à–≤–∞ –æ—á–µ–Ω—å –ø—Ä–æ—á–Ω–∞—è –∫–∞–∂–µ—Ç—Å—è",pos,5
tavsiya qilaman arzon qulaygina tezgina hammaga rahmaaaattt kattakon üíã,pos,5
razmeri kichkina keldi bitta katta razmerga almashtirsa bo‚Äòladimi,pos,5
–¢–∞–≤—Å–∏—è –∫–∏–ª–∞–º–∞–Ω,pos,5
juda zor,pos,5
—Ö–æ—Ä–æ—à–∏–µ,pos,5
brag maxsulot sotgani sal uyalilar pulni kocada supirib olmayapmz,neg,1
"–ù–µ–≤–∞—Ä–∞–º–≥–∞ —ë–∫–¥–∏,—Ç–æ–≤–∞—Ä —É–∑ –≤–∞–∫—Ç–∏–¥–∞ –∫–µ–ª–¥–∏.",pos,5
sifati judayam alo darajada chiroyli,pos,5
sifatli oyoq kiyim judayam yoqdi,pos,5
–ö–ª–∞—Å—Å–Ω—ã–µ –ª–µ–≥–∫–∏–µ –∫–∞—á–µ—Å—Ç–≤–∞ —Å—É–ø–µ—Ä,pos,5
–û—á–µ–Ω—å –¥–∞–∂–µ —Ö–æ—Ä–æ—à–µ–µ —è –±—ã —Å–∫–∞–∑–∞–ª,pos,5
–í–æ–æ–±—â–µ –∑–æ—Ä –º–∞—Å–ª–∞—Ö–∞—Ç –±–µ—Ä–∞–º–∞–Ω,pos,5
tafsiya kilaaman zor ekan,pos,5
yahwi ekan manga yoqti.,pos,5
ozgina kichkina ekan,pos,5
zo ªr tavsiya qilamam,pos,5
–ö–∞—á–µ—Å—Ç–≤–æ —Ö–æ—Ä–æ—à–∞—è –±–ª–∞–≥–æ–¥–∞—Ä—é ‚ò∫Ô∏è,pos,5
—Å–ø–∞—Å–∏–±–æ –∑–∞ —Ö–æ—Ä–æ—à–∏–π —Ç–æ–≤–∞—Ä,pos,5
tavsiya qilaman olishni,pos,5
–æ—Ç–ª–∏—á–Ω—ã–µ –≤—Å–µ–º —Å–æ–≤–µ—Ç—É—é,pos,5
uzum marketga raxmat,pos,5
uzummarketga raxmat,pos,5
huddi √≥zi keldi,pos,5
—Ç–∞–≤—Å–∏—è “õ–∏–ª–∞–º–∞–Ω,pos,5
tafsiya qilaman,pos,5
qizimga yoqdi,pos,5
tagini korishingiz mumkin umuman Chang k√≤rinmaydi kiyilgan oyoq kiyimni tozalasa ham bu daraja toza bolmaydi,neg,1
"Zor gap yo lekin 39 aytibman katta keldi 38 ga almashtrgizaman endi. 
Hurmatli sotuvchilar shunaqa stilda oyoq kiyim yana olib kelilar, butun boshli uzum marketdan atiga shuni topdim holos oqi qopti tugapti shuyamü§¶üèª‚Äç‚ôÄÔ∏èüôÅ",pos,5
"qulay, sport bilan shug'ullanish uchun harid qildim. Razmer bitta kichigini oldim oldingi izohlarga ishongan holda va adashmabman haqiqatdan bir razmer kichik olinishini tavsiya qilaman.",pos,5
"–ö–ª–∞—Å—Å–Ω—ã–µ —Å–∫–µ—á–µ—Ä—ã / –Ω–µ –æ—Ä–∏–≥–∏–Ω–∞–ª/,–º–Ω–µ –ø–æ–∫–∞–∑–∞–ª–æ—Å—å –±–æ–ª—å—à–µ–º–µ—Ä—ã,–Ω–æ—à—É –æ–±—É–≤—å 39 –ø–æ–º–µ—Ä–∏–ª–∞,–æ–≥—Ä–æ–º–Ω—ã–µ / –Ω–∞ —à–∏—Ä–æ–∫—É—é –Ω–æ–∂–∫—É/,–≤–∑—è–ª–∞ 38 —Ä–∞–∑–º–µ—Ä,—Å–µ–π—á–∞—Å —Ç–µ–ø–ª–æ –Ω–æ—à—É —Å —É–¥–æ–≤–æ–ª—å—Å—Ç–≤–∏–µ–º.",pos,5
sifati yahshi oyoda chiroyli turarkan lekin razmer razmerga tushmas ekan 2 razmer kichkinasidan olishilarni maslahat beraman,pos,5
vapshe zur oyoq kiyim ekanüëçlekin olishdan oldin bir rasmer kichkinasidan olilar uzinglardi razmerlaring katta kelarkan,pos,5
hammaga tafsiya qilardim puliga 100% arzidi sotuvchi va uzum marketga va hodimlariga kotta raxmat yetkazib berish ham juda tez bo'ldi,pos,5
–∫—Ä–∞—Å–æ–≤–∫–∏ –ø–æ–Ω—Ä–∞–≤–∏–ª–æ—Å—å –Ω–µ –∂–º—É—Ç –Ω–æ–≥–∏ –∏ –æ—á–µ–Ω—å —É–¥–æ–±–Ω—ã–µ,pos,5
"—Ñ–∞–∫–∞—Ç —Ä–∞–∑–º–µ—Ä–ª–∞—Ä–∏–Ω–∏ –æ–ª–∏–ª–∞—Ä,—Ä–∞–∑–º–µ—Ä–≥–∞ —Ç—É—à–∞–¥–∏ üî•üî•üî•",pos,5
Kachestvasiga gap yuq huddi rasmdegiday,pos,5
–∫–∞—á–µ—Å—Ç–≤–æ —Å—É–ø–µ—Ä –∏ —Ü–µ–Ω–∞ —Ç–æ–∂–µ —Å–ª–∞–¥–∫–∞—è,pos,5
boshqa buyurtma berganlarga sovƒüasi bilan kelgan menga faqat krasovka keldi,pos,5
sifatli oyoq kiyim omoxchi b√≤sela tavsiya qilaman. puliga arziydi,pos,5
Ko ªrinishi xuddi rasmdegidek. Sifatliga tortadi. Tavsiya qilaman,pos,5
–ë–∞–∫–∫—É–≤–∞—Ç–∞–∫–∞–Ω. –°–∏—Ñ–∞—Ç–∏ —è—Ö—à–∏. –î–∏–∑–∞–π–Ω–∏ —Ö–∞–º —á–∏—Ä–æ–π–ª–∏. –¢–∞–≤—Å–∏—è –ö–∏–ª–ª–∏–∞–Ω,pos,5
Juda qulay va bejirim turarkan oyoqda. Tavsiya etaman,pos,5
Sifati zo‚Äòr ekan faqat bir razmer kichik yurarkan,pos,5
"–ö–∞—á–µ—Å—Ç–≤–æ —Ö–æ—Ä–æ—à–µ–µ,–º–∞—Ç–µ—Ä–∏–∞–ª —Ö–æ—Ä–æ—à–∏–π. –°–æ–≤–µ—Ç—É—é",pos,5
–ß–∏–¥–∞–º–ª–∏–≥–∞ —É—Ö—à–∞–π–¥–∏. –ñ—É–¥–∞ –±–∞–∫—É–≤–≤–∞—Ç —ç–∫–∞–Ω,pos,5
Hammaga olishlarni tafsiya qlaman,pos,5
–ó–∞ —Å–≤–æ—é –¥–µ–Ω—å–≥–∏ –Ω–µ –ø–ª–æ—Ö–æ–π —Ç–æ–≤–∞—Ä.,pos,5
zor ozimga rasa yoqdi,pos,5
"Yaxshi
Razmer tushdi",pos,5
zor,pos,5
bunaqa emasda arzon deb sifatsiz mahsulotni sotib nima keragi bor. men bugun ertalab ishga birinchi marta kiyib keldim olganimdan 3 kun buldi. lekin xozir kuzim tushib qoldi iplari uzilib bilmadim bu nechchi marta kiyishga yaraydi 149.000 biz uchun katta pul,neg,1
–∫–ª–∞—Å—Å–Ω—ã–µ –∫—Ä–æ—Å—Å–æ–≤–∫–∏. —Å–ø–∞—Å–∏–±–æ.,pos,5
—Å—É–ø–µ—Ä gap yo‚Äòq ü§©ü§©,pos,5
tavsiya beraman,pos,5
–û—á–µ–Ω—å —Ö–æ—Ä–æ—à–µ–µ,pos,5
–æ–ª–∏–ª–∞ –∞—Ä–∑–∏–¥–∏,pos,5
—Å–æ–≤–µ—Ç—É—é –≤—Å–µ–º,pos,5
–ß–æ—Ç–∫–∞,pos,5
Rasmdaqa Mas ekan omelar maslahatm rasm oziday kemaskan‚ùó,neg,1
—É–º—É–º–∞–Ω —ë–∫–º–∞–¥–∏ –∫–∞–π—Ç–∞—Ä–∏–± —é–±–æ—Ä–∞–º–∞–Ω,neg,1
hammaga tafsiya qilaman juda zo ªr ekan,pos,5
"Narxiga sifati yaxshi,baqquvat ekan",pos,5
"–Ø –¥–æ–≤–æ–ª—å–Ω–∞ –ø–æ–∫—É–ø–∫–æ–π, —Å–ø–∞—Å–∏–±–æ –≤–∞–º.",pos,5
hamma tavsiya qilaman,pos,5
GAP YUQ,pos,5
–∑—É—Ä —ç–∫–∞–Ω –∏—Å—Å–∏–∫–∫–∏–Ω–∞,pos,5
tafsiya qilaman,pos,5
menga yoqdi,pos,5
engil,pos,5
uzumga raxmat,pos,5
menga kichkina bo ªldi Agar munkin bo ªlsa bir razmer kattasiga alishtirmoqchiman,pos,5
Manga yoqdi 2xil razmer urudim yaxshiyam bittasini obtatna qaytardim,pos,5
kacistva narmalniy xicnima qimadi narmalniy puliga arzidi skromniy,pos,5
sila ham olila chotki uzum marketga rahmat addushi‚ù§Ô∏è‚úäüèª,pos,5
tafsiya qilaman razmer xam to ªg ªri kelar ekan,pos,5
"—Ö–æ—Ä–æ—à–∏–µ –∫—Ä–æ—Å—Å–æ–≤–∫–∏, –Ω–µ–º–Ω–æ–≥–æ –º–∞–ª–æ–º–µ—Ä—è—Ç",pos,5
"–æ—à–∏–±—Å—è —Ä–∞–∑–º–µ—Ä–æ–º,–º–æ–∂–Ω–æ –ª–∏ –ø–æ–º–µ–Ω—è—Ç—å",pos,5
razmerda adashishibdi qaytardim,pos,5
qizimga yoqdi tavsiya qilaman,pos,5
Izox judayam yengil chiroyli,pos,5
–°—É–ø–µ—Ä –∫–∞—á–µ—Å—Ç–≤–æ —Å–ø–∞—Å–∏–±–æ –£–∑—É–º –ú–∞—Ä–∫–µ—Ç.,pos,5
sifati yaxwi xam chiroyli skromniy,pos,5
1 ga 1 xuddi rasimdagidek zo‚Äòr,pos,5
–∫—É–ø–∏–ª–∞ —Å—ã–Ω—É –ø–æ–Ω—Ä–∞–≤–∏–ª–æ—Å—åüëç,pos,5
Tavsiya qilaman,pos,5
–í—Å–µ–º —Å–æ–≤–µ—Ç—É—é üëçüëç,pos,5
kongildagiday,pos,5
Sifati bomba,pos,5
shart emas,pos,5
olinglar,pos,5
Sifatli,pos,5
zo‚Äòrüëç,pos,5
"–ó–∞–∫–∞–∑–∏–º–Ω–∏ –æ–ª–¥–∏–º, —Ö–∞–º–º–∞ –∂–æ–π–∏ —è—Ö—à–∏, —É—Å—Ç–∏ –∫–∞—Ç—Ç–∏–∫ —ç–∫–∞–Ω. –ú–∞–Ω–≥–∞ –π–æ–∫—Ç–∏ —Ä–∞—Ö–º–∞—Ç‚ù§Ô∏è",pos,5
zo'r kitob muqovalari yirtilmagan Qattiq betli olishni tavsiya beraman,pos,5
hozi rosa trendegi ktob manam qzqb zakaz qludm endi oqiwi bowliman,pos,5
Kotta raxmat judayam zo'r sifatli keldi olishilani tavsiya qilaman,pos,5
Manga juda yoqdi sizlarga ham tavsiya beraman Rosa tasirli kitob,pos,5
iforini aytmasa ham bo ªladi man anchadan buyon olmoqchi edimü§≠,pos,5
Kitobni ichlari oq ekan sifatli puliga arzidi judayam yoqti üíû,pos,5
kitob zor ekan menga yoqdi tez keldi sifatli asosiysi arzon,pos,5
o ªqib tugatdim juda zo ªr kitob hammaga tavsiya qilaman ‚ú®,pos,5
"uzum marketga rahmat‚ú®menga juda yoqdi
sifati ham zo‚Äôr",pos,5
sifatli keldi.Katta rahmat ishlaringdan rivoj,pos,5
Ajoyib kitob üíôUzum Marketga rahmat,pos,5
Tavsiya qilaman zo'r kitob ekan,pos,5
maslahatim xamma onalar o ªqisin,pos,5
Sovg ªa uchun olgan edim,pos,5
nervinniy onalar uchun,pos,5
hali o'qib ko ªrmadim,pos,5
hali o ªqib ko ªrmadim,pos,5
–ñ—É–¥–∞—è–º –∑–æ—Ä –∫–∏—Ç–æ–± ‚ù§Ô∏èüòª,pos,5
juda kerakli kitob,pos,5
zor kitob,pos,5
juda yoqti yoshm 12 bo‚Äòlsada bu kitob manga juda mativatsiya berdi va 1 kimunda o‚Äòqib tugatdm yani kitobni sotib olgan kunimaoq sizlarga jatta rahmat iltmos soprab qolaman 2 qismi ham chiqsin ü•∞üòäü´†,pos,5
"—Å–∏—Ñ–∞—Ç–∏ –∂—É–¥–∞—è–º –∑–æ—Ä,–π–∏—Ä—Ç–∏–ª–º–∞—Å–¥–∞–Ω –∫–µ–ª–¥–∏–∏ —Ö–∞–º–º–∞–≥–∞ —Ç–∞—Ñ—Å–∏—è –∫–ª–∞–º–∞–∞–Ω üòç",pos,5
kitob zor gap boliwi mumkinmas silarga ham tavsiya berman,pos,5
"hali √¥qib k√¥rmadim, lekin kitobni –∫–∞—á–µ—Å—Ç–≤–æ—Å–∏ z√¥r",pos,5
–ú–∞–Ω–æ–ª–∏ –∫–∏—Ç–æ–± —Ñ–∞–∫–∞—Ç –∫–∏—Ç–æ–± —Å–∏—Ñ–∞—Ç–ª–∏ —á–∏–∫—Å–∞ —è—Ö—à–∏ –±—É–ª–∞—Ä–¥–∏,neg,1
–æ–ª—à–ª–∞—Ä–∏–Ω —Ç–∞—Ñ—Å–∏—è “õ–ª–∞–º–∞–Ω,pos,5
uzum marketga rahmat,pos,5
tavsiya qilaman,pos,5
Tavsiya qilamn,pos,5
tavsiya etama,pos,5
pryam muaxx,pos,5
Zo ªr,pos,5
—É–∑–∏–º –∫—É—Ç–≥–∞–Ω–∏–º–¥–µ–π –∫–∏–ª–∏ ‚ú®Ô∏è,pos,5
bu kitobni men yoqdirdim,pos,5
juda z√µrrr,pos,5
Rahmatü§ó,pos,5
rahmat,pos,5
voshee zor daxshat kitob romantichni o ªqiganda maza qib o ªqiydigan kitob lyuboy odamga yoqadi manga vopshe yiqtii ü©µü´∂,pos,5
–•–∞–∫–∞–Ω –ú–µ–Ω–≥—É—á–Ω–∏–Ω–≥ –ö–£–ü –∫–∏—Ç–æ–±–ª–∞—Ä–∏–Ω–∏ —É–∫–∏–¥–∏–º —Ñ–∞–∫–∞—Ç –¢—É—Ä–∫—á–∞ –Ω–∞—à—Ä–¥–∞. –£–∑–±–µ–∫ —Ç–∏–ª—å–¥–∞ —Ö–∞–º —á–∏–∫–∞–Ω–∏–¥–∞–Ω —Ö—É—Ä—Å–∞–Ω–¥–º–∞–Ω!!! –°–ø–∞—Å–∏–±–æ üôè,pos,5
Bu kitob dan 2ta buyurtma qildim. Zor sifatlari ham zo'r. Uzum market ga raxmat ‚ù§Ô∏è‚ù§Ô∏è,pos,5
Yaxshi kitob hech bo'lmaganda 3 4 oyda qaytam va qayta o'qishga arziydi !,pos,5
Uzumga rahmat doim shunday arzon narhlarni kutamiz. Kitoblar ancha arzon.,pos,5
Olib oqila hech ikkilanmin eng eng zor kitob bolib qoldi men uchun,pos,5
—Ö–æ—Ä–æ—à–∞—è –∫–Ω–∏–≥–∞,pos,5
judayam zur,pos,5
yaxwi olila,pos,5
sifatli‚ù§Ô∏è,pos,5
Kitob Bomba üëçüëçüëç. Uzum Market Rahmat Katta. Uzum Marketdan Foydalanayotganimdan Hursandman Omad. Hech Qachon Yopilib Ketmelar Uzoq Vaqt Davom Etsin Savdolar.,pos,5
"Kitob sifati zo'rakan, o'qib ko'rdim judayam zo'r kitobikan ,maslahat beraman ü´†üòò",pos,5
yaxshi kitob endi boshladim oqishni raxmat juda toza kelgan oz vaqtida etkazildi,pos,5
sifatli,pos,5
üíú,pos,5
men bu kitobga rosa qiziqgan edim ammo menga kitob yetib kelmadi dastavkasi kechikti va kelgan kuni negadir o'zidan o'zi atkaz berib dastavkani bekor qilib yuborishibti,pos,5
Eyyy O ªzbekiston aholisi bu kitobni oqib chiqin ilik 10 varogini o ªzi sizni hayratda qoldiradi,pos,5
—Ç–∞–≤—Å–∏—è –∫–∏–ª–∞–º–∞–Ω –•–∞–¥–∏—è–≥–∞ —Ö–∞–º –∑—É—Ä –∫–∏—Ç–æ–± —ç–∫–∞–Ω —Ä—É—Ö–∏–π –æ–∑—É–∫–∞ –æ–ª–∞—Å–∏–∑,pos,5
mazza qilib oqiydigon Alloh rozi bolsin,pos,5
–≠–Ω–¥–∏ —É–∫–∏–± —á–∏–∫–∞–º–∞–Ω —É–∑—É–º –º–∞—Ä–∫–µ—Ç–≥–∞ —Ä–∞—Ö–º–∞—Ç,pos,5
zo'r kitob ekan hammaga taklif qilaman,pos,5
Menga juda yoqdi Uzum marketga rahmat,pos,5
aytilgan vaqtda keldi  yaxshi kitob s,pos,5
afsuslanmiman menga juda ko ªp narsnai o ªrgatti bu kitibni har bir o ªsmir yoki yoshi kattalar o ªqishini tavsiya qilaman,pos,5
kitob yoshlik hotiralarini esga soladi uzum marketga omad!,pos,5
"–∂—É–¥–∞ —è—Ö—à–∏,  –±–æ–ª–∞–ª–∞—Ä –∂—É–¥–∞ —Ç–µ–∑ —ë–¥ –æ–ª–∏–± , —Ç—É—à—É–Ω–∞—Ä —ç–∫–∞–Ω",pos,5
Judayam yaxshi kitob Tavsiya qilaman,pos,5
judayam yoqdi yaxshi kitob ekan,pos,5
"O ªqing, hech qachon toliqmang!",pos,5
o ªz vaqtida sifatli kelei,pos,5
manga yoqti yaxsh keldi,pos,5
kitob ga gap yo ªq,pos,5
narxi arzon boshqa do'konlarga qaraganda,pos,5
"–°–æ—Ç—É–≤—á–∏–≥–∞ “≥–∞–º, —É–∑—É–º–≥–∞ –∫–∞—Ç—Ç–∞ —Ä–∞—Ö–º–∞—Ç",pos,5
tafsiya qilaman olinglar o ªqinglar,pos,5
60mingga qimmat bu kichkina kitob,pos,5
kutganimdan ham yaxshi keldi,pos,5
Sotuvchi muomilasi yoqmadi 0,pos,5
Xammaga tafsiya berman,pos,5
–°–æ–≤–µ—Ç—É—é –≤—Å–µ–º,pos,5
zur,pos,5
ü§ùü§ùü§ù,pos,5
—É–∑—É–º –∂–∞–º–æ–∞—Å–∏–≥–∞ –≤–∞ —Å–æ—Ç—É–≤—á–∏–≥–∞ –∫–∞—Ç—Ç–∞ —Ä–∞—Ö–º–∞—Ç,pos,5
o ªqib ko ªrishlaringni tafsiya beraman,pos,5
endi o‚Äòqishni boshladim ajoyibüëçüëç,pos,5
Tavsiya qilaman kitobxonlargaü´∞üèª,pos,5
olishlarizi maslahat beraman,pos,5
kitob zo'r sotuvchiga rahmat,pos,5
Tavsiya qilaman zo ªr kitob,pos,5
–∑–∞–∫–∞–∂–∏—Ç–µ —Ö–æ—Ä–æ—à–∞—è –∫–Ω–∏–≥–∞ ü§ó‚òï,pos,5
Olishni maslahat beraman,pos,5
Vashe zor tafsiya qlaman,pos,5
"Menga juda kerak edi, umidlarim ko'p edi, bolam uchun vafli pishirayotgandim, qabul qilish joyida ochganimdan juda xursandman - qopqog'i sirtni qoplamaydi, u tom ma'noda tebranadi, qanday qilib aniq nuqsonli mahsulotni jo'natib yuborishlariga hayronman, vaqtimni va Uzum jamoasini behuda sarflaganim uyat.",neg,1
_____ _______ _____ __________ _________. ____ _____ _______ ______ ________ ___________. ______ _________ ______. _____ _____ ________. ___ ___ _________ ___ _______ ____. ____ _______ ________ _________,neg,1
sotuvchi aloqaga chiqsin faqat yaxshi atvetlatdi quyganiga ishonib olgandim negativlarini ham quyinglar,neg,1
qizigani bn pishirmas ekan xom qilib quyadi,neg,1
yoq yoqmadi juda kichkina ekan tepasi ishlap pasti ishlamas ekan,neg,1
Juda kichik va ochilib yopilganda birlashgan joyi oynarkan va nimjon biriktirilgan,neg,1
lekn men tanlagan rangidan kelmagan,neg,1
Brak mollari keldi. Knopkasi ishlamadi. Yaxshiyam ovotganda pointda ochib islatib kurdim. Tovarni qaytib kilib darhol pulimmi kaytarishdi,neg,1
"Yaxshi narsa albatta bir marta ishlatganman o'z-o'zidan nozul sinib ketgan, narxini oqlamaydi, bo'yog'i so'nib ketadi.",neg,1
____ _____ ____ ______ ______ ___________ _______ ______ _ ________. _____ ___ _____ __,neg,1
Tuklarni ildizi bilan omasakan shunisi yomon ildizi bilan oladi deb o_ylab olgandim,neg,1
organ pulimga arzidiyu leaking shu taxlaganga yarasha sifatliroq chiqarila,neg,1
"manda umuman ishlamadi, hech qanday foydasi yo ekan",neg,1
tavsiya qilmeman jalka ketdi puli ham voqtm ham,neg,1
Ishlamadi aldab sotarkansilar umuman ishlamadi,neg,1
"Juda sifatsiz, rasmda boshqa, kelganida butunlay boshqa chiqdi. Umuman yoqmadi, pulga arzimaydi.",neg,1
"Ishlamadi, yoqib ko√îrdim, 5 daqiqa o√îtib o√îchib qoldi. Qaytarib berdim.",neg,1
"Juda kichkina ekan, tavsifda kattaroq deb yozilgan edi. Aldanganimga achindim.",neg,1
"Plastik sifati juda yomon, hid keladi, tez sinib ketdi.",neg,1
"Umuman ishlamadi, zaryad olmaydi, brakka o√îxshaydi.",neg,1
"Yetkazib berish kechikdi, ustiga ustak qadoq yirtilgan edi.",neg,1
"Rangi rasmda boshqacha, jonli ko√îrganda juda xira.",neg,1
"Juda arzon ko√îrinadi, sifati nol.",neg,1
"Tugmalari bosilmaydi, ishlatib bo√îlmaydi.",neg,1
"Bir haftaga ham bormadi, buzildi.",neg,1
"O√îlchami umuman mos kelmadi, qaytarishga majbur bo√îldim.",neg,1
"Tavsifdagi xususiyatlari yo√îq, aldagan.",neg,1
"Juda shovqinli ishlaydi, asabga tegadi.",neg,1
"Materiali juda yupqa, tez yirtilib ketdi.",neg,1
"Qadoqlanishi juda yomon, himoyasiz kelgan.",neg,1
"Zaryadi juda tez tugaydi, foydasi yo√îq.",neg,1
"Umuman tavsiya qilmayman, pulingizni sarflamang.",neg,1
"Sifatsiz Xitoy mahsuloti, arzimaydi.",neg,1
Birinchi kundanoq nosozlik berdi.,neg,1
"Juda og√îir, ishlatish noqulay.",neg,1
"Hidi bor, bosh og√îritadi.",neg,1
Ko√îrsatkichlari noto√îg√îri ishlaydi.,neg,1
"Qizib ketadi, xavfli.",neg,1
Juda sekin ishlaydi.,neg,1
"Ovoz sifati yomon, shovqin ko√îp.",neg,1
"Juda nozik, tez sinadi.",neg,1
Rasmga aldanib oldim.,neg,1
Tavsif bilan umuman mos emas.,neg,1
"Kutilganidek emas, afsus.",neg,1
Bir martalik mahsulotga o√îxshaydi.,neg,1
"Juda arzon ko√îrinadi, sovg√îaga ham uyat.",neg,1
Yetkazishda shikastlangan.,neg,1
Detallari to√îliq emas edi.,neg,1
"Ulanmadi, sozlab bo√îlmadi.",neg,1
Juda sifatsiz yig√îilgan.,neg,1
"Ekrani xira, hech narsa ko√îrinmaydi.",neg,1
Batareyasi o√îlik kelgan.,neg,1
Juda shovqin chiqaradi.,neg,1
Ishlashida uzilishlar bor.,neg,1
Kichkina detallari tez yo√îqoladi.,neg,1
"Juda qattiq, egilmaydi.",neg,1
Ko√îrsatmalari tushunarsiz.,neg,1
Bir haftada butunlay ishdan chiqdi.,neg,1
Materiali juda qo√îpol.,neg,1
Rang tez o√îchib ketdi.,neg,1
Tugmalari tushib ketdi.,neg,1
Umuman foydasiz.,neg,1
Kutilganidan ancha yomon.,neg,1
O√îlchami noto√îg√îri.,neg,1
Tavsifga ishonib xato qildim.,neg,1
Zaryad kabeli ishlamaydi.,neg,1
Plastmassa sifati juda past.,neg,1
Teshiklari noto√îg√îri joylashgan.,neg,1
Juda beqaror turadi.,neg,1
Qizib ketib o√îchadi.,neg,1
Qayta yoqilmay qoldi.,neg,1
Hidi ketmaydi.,neg,1
Bir marta ishlatib tashladim.,neg,1
Juda arzon ko√îrinadi.,neg,1
Chidamsiz.,neg,1
Umuman mos kelmadi.,neg,1
Qadoqlash juda yomon.,neg,1
Bir detal yetishmadi.,neg,1
Juda sekin yetib keldi.,neg,1
"Sifati past, umuman yoqmadi.",neg,1
Juda shovqinli mexanizm.,neg,1
Bir kunda buzildi.,neg,1
Ishlatishga noqulay.,neg,1
Rasmga umuman o√îxshamaydi.,neg,1
Plastik juda mo√îrt.,neg,1
"Juda yengil, sifatsiz.",neg,1
Tez qizib ketadi.,neg,1
Ko√îp kamchiliklari bor.,neg,1
Ishonchsiz mahsulot.,neg,1
Pulga arzimaydi.,neg,1
Juda yomon yig√îilgan.,neg,1
Juda qo√îpol ishlangan.,neg,1
Sifat nazorati yo√îq.,neg,1
Ishlashdan oldin buzilgan.,neg,1
Umuman tavsiya qilmayman.,neg,1
Yana sotib olmayman.,neg,1
Bekorga kutdim.,neg,1
Kutganimdan juda yomon.,neg,1
Juda sifatsiz material.,neg,1
Ko√îrinishi arzon.,neg,1
Juda noqulay.,neg,1
Ishlash tezligi past.,neg,1
Bardoshli emas.,neg,1
Juda xira.,neg,1
Tovushi yomon.,neg,1
Juda qattiq.,neg,1
Bir marta ishlatib bo√îlmadi.,neg,1
Juda ishonchsiz.,neg,1
Tavsif yolg√îon.,neg,1
Arzon mahsulot.,neg,1
Ishlamaydi.,neg,1
Sinib keldi.,neg,1
Juda yomon.,neg,1
Tavsiya etmayman.,neg,1
Eng yomon xaridim bo√îldi.,neg,1
"Umuman yoqmadi. Rasmda ko√îrsatilgani bilan kelgan mahsulotning farqi juda katta. Sifati past, plastik hid keladi, ishlatishga ham qo√îrqasan.",neg,1
"Bir hafta ham ishlamadi. Birinchi kun normal edi, keyin o√îzi o√îchib qola boshladi. Pulimga juda achindim.",neg,1
"Juda kichkina ekan, tavsifda ancha katta deb yozilgan. Shunaqa aldamchilik bo√îlishini kutmagandim.",neg,1
"Qadoqlanishi juda yomon, himoyasiz kelgan. Natijada mahsulot shikastlangan, burchagi singan edi.",neg,1
"Materiali juda arzon, qo√îlga olib ko√îrsang ham sifatsizligi bilinadi. Bunday narxga ancha yaxshisini olish mumkin.",neg,1
"Tugmalari yaxshi bosilmaydi, ba√ïzilari umuman ishlamaydi. Foydalanish juda noqulay.",neg,1
"Yetkazib berish juda kech bo√îldi, ustiga ustak noto√îg√îri mahsulot yuborilgan.",neg,1
"Rangi rasmda chiroyli, jonli edi, lekin kelgani juda xira va xunuk.",neg,1
"Bir marta ishlatdim, keyin butunlay ishdan chiqdi. Umuman ishonchsiz mahsulot.",neg,1
"Juda qizib ketadi, xavfsiz emas. Ishlatishga qo√îrqib qoldim.",neg,1
"Zaryadi juda tez tugaydi, 20√ê30 daqiqadan keyin o√îchib qoladi.",neg,1
"Qadoq ichidan bir detal chiqmay qoldi, to√îliq emas edi.",neg,1
"Ko√îrsatmalar yo√îq, internetdan qidirib zo√îrg√îa sozladim, baribir ishlamadi.",neg,1
"Juda shovqin chiqaradi, uyda ishlatishga noqulay.",neg,1
"Plastik sifati past, bir oz bosilsa sinib ketadiganga o√îxshaydi.",neg,1
"Umuman kutganimdek emas, tavsif bilan mos kelmaydi.",neg,1
"Pulga arzimaydi, bundan ko√îra bozorga borib olgan ma√ïqul.",neg,1
"Ishlashida doimiy uzilishlar bor, ishonib bo√îlmaydi.",neg,1
"Juda nozik, tez buziladigan mahsulot.",neg,1
"Yetkazilganda qutisi ezilib kelgan, ichidagi mahsulot ham shikastlangan.",neg,1
"O√îlchami noto√îg√îri, tanlashda aldanganman.",neg,1
"Umuman tavsiya qilmayman, sifati juda past.",neg,1
"Bir necha marta yoqib o√îchirdim, shundan keyin butunlay ishlamay qoldi.",neg,1
"Rasmga aldanib sotib oldim, afsus.",neg,1
"Juda arzon ko√îrinadi, hatto sovg√îa qilishga ham uyat.",neg,1
"Materiali juda qattiq, ishlatishda noqulay.",neg,1
"Zaryad kabeli nosoz chiqdi, zaryad olmaydi.",neg,1
"Qizib ketib, hid chiqara boshladi, xavotirli holat.",neg,1
"Yetkazish xizmatidan ham noroziman, kechikdi va beparvo olib kelishdi.",neg,1
Tavsifda yozilgan funksiyalarning yarmi yo√îq.,neg,1
"Juda tez eskirib ketdi, tashqi ko√îrinishi ham yomonlashdi.",neg,1
"Ovoz sifati juda past, shovqin ko√îp.",neg,1
"Ekrani xira, yorug√îlikda umuman ko√îrinmaydi.",neg,1
Batareyasi o√îlik holatda kelgan.,neg,1
"Ishlash tezligi juda sekin, asabga tegadi.",neg,1
"Juda yomon yig√îilgan, detallari joyiga to√îg√îri kelmaydi.",neg,1
Bir haftadan keyin tugmalari tushib ketdi.,neg,1
"Plastik hid uzoq ketmadi, ishlatishga yoqimsiz.",neg,1
"Juda beqaror, harakat qilsa yiqilib ketadi.",neg,1
Qisqa vaqt ichida ranglari o√îchib ketdi.,neg,1
"Materiali qo√îpol, qo√îlni tirnaydi.",neg,1
"Qadoqlash sifatsiz, himoyasiz.",neg,1
Tavsif bilan real mahsulot o√îrtasida katta farq bor.,neg,1
"Umuman foydasi yo√îq, bekorga sotib oldim.",neg,1
"Juda mo√îrt, ehtiyot bo√îlsang ham tez sinadi.",neg,1
"Bir necha marta ishlatib, tashlab qo√îydim.",neg,1
Juda yomon tajriba bo√îldi.,neg,1
Texnik nosozliklari juda ko√îp.,neg,1
"Ishonchsiz brend, boshqa olmayman.",neg,1
"Pulimga achindim, umuman arzimaydi.",neg,1
"Juda yengil, sifatsizligi bilinib turadi.",neg,1
Qismlari bir-biriga mos emas.,neg,1
"Qizib ketib, o√îchib qoladi.",neg,1
Ko√îrsatkichlari noto√îg√îri ishlaydi.,neg,1
Juda noqulay dizayn.,neg,1
O√îzi o√îchib yoqilib turadi.,neg,1
Juda shovqinli ishlaydi.,neg,1
Bir necha kundan keyin hid chiqara boshladi.,neg,1
Yetkazilganda siniq holatda kelgan.,neg,1
Juda arzon materiallardan yasalgan.,neg,1
Umuman ishonib bo√îlmaydi.,neg,1
"Tavsiya qilaman deb o√îylagandim, lekin aksincha bo√îldi.",neg,1
Ishlatish jarayoni juda noqulay.,neg,1
Yig√îilishi juda yomon.,neg,1
Juda tez buziladi.,neg,1
Tavsifda yozilganiga umuman mos kelmaydi.,neg,1
Bir haftada tashqi ko√îrinishi ham yomonlashdi.,neg,1
"Sifati juda past, nazorat yo√îq.",neg,1
Juda asabga tegadigan mahsulot.,neg,1
Ishonchsiz va chidamsiz.,neg,1
Juda ko√îp kamchiliklari bor.,neg,1
Foydalanishga yaroqsiz holatda kelgan.,neg,1
Juda sifatsiz ishlab chiqarilgan.,neg,1
Bir martalik mahsulotga o√îxshaydi.,neg,1
Umuman tavsiya etmayman.,neg,1
Qattiq umidsizlik bo√îldi.,neg,1
Narxiga nisbatan sifati juda past.,neg,1
Juda tez qizib ketadi.,neg,1
Ovoz chiqarib ishlaydi.,neg,1
Materiali tez eskiradi.,neg,1
Bir necha kun ichida sinib ketdi.,neg,1
Juda yomon qadoqlangan.,neg,1
Detallari yetishmaydi.,neg,1
Ishlash sifati nol.,neg,1
Tavsif aldov.,neg,1
Juda arzon ko√îrinish.,neg,1
Qisqa muddatli foydalanish uchun ham yaramaydi.,neg,1
Ishonchsiz mexanizm.,neg,1
Qadoqdan chiqarilganda ham sifatsizligi bilinadi.,neg,1
Biror foydali tomoni yo√îq.,neg,1
Juda yomon yig√îilgan.,neg,1
Sifat nazorati umuman yo√îq.,neg,1
Bekorga vaqt va pul ketdi.,neg,1
Juda noqulay va sifatsiz.,neg,1
Yana bu sotuvchidan hech narsa olmayman.,neg,1
Umuman yoqmadi.,neg,1
Eng yomon xaridim bo√îldi.,neg,1
Juda katta umidsizlik.,neg,1
"Tavsiya qilish u yoqda tursin, hatto ishlatib bo√îlmaydi.",neg,1
Bir so√îz bilan aytganda √ë axlat.,neg,1
